order_id,date,region,category,units,unit_price,revenue
1,2024-04-05,North,Electronics,48,141.14,6774.72
2,2024-01-03,North,Electronics,38,213.85,8126.3
3,2024-09-07,South,Clothing,33,303.0,9999.0
4,2024-01-25,West,Clothing,29,296.69,8604.01
5,2024-04-25,South,Toys,22,142.55,3136.1
6,2024-06-28,East,Electronics,6,193.06,1158.36
7,2024-09-04,East,Food,3,366.22,1098.66
8,2024-11-20,West,Electronics,36,150.12,5404.32
9,2024-11-08,East,Clothing,46,39.43,1813.78
10,2024-07-09,East,Electronics,15,433.91,6508.65
11,2024-04-22,West,Food,11,188.24,2070.64
12,2024-09-24,East,Electronics,39,319.31,12453.09
13,2024-11-23,South,Clothing,30,192.83,5784.9
14,2024-04-27,South,Food,50,389.12,19456.0
15,2024-04-19,North,Food,26,137.53,3575.78
16,2024-11-15,East,Clothing,42,252.12,10589.04
17,2024-09-18,South,Food,9,127.08,1143.72
18,2024-04-05,East,Toys,38,202.7,7702.6
19,2024-02-05,West,Electronics,49,28.32,1387.68
20,2024-07-20,South,Toys,39,36.45,1421.55
21,2024-01-22,West,Food,36,431.09,15519.24
22,2024-02-10,North,Food,50,322.28,16114.0
23,2024-12-24,West,Clothing,30,6.61,198.3
24,2024-11-10,East,Clothing,33,456.75,15072.75
25,2024-09-25,South,Clothing,24,382.44,9178.56
26,2024-06-27,North,Food,32,14.64,468.48
27,2024-10-03,East,Clothing,4,124.23,496.92
28,2024-09-25,North,Toys,5,489.1,2445.5
29,2024-09-06,South,Clothing,43,240.26,10331.18
30,2024-12-23,East,Toys,14,464.81,6507.34
31,2024-11-12,South,Food,26,497.6,12937.6
32,2024-02-11,West,Toys,8,127.71,1021.68
33,2024-02-23,North,Clothing,38,114.01,4332.38
34,2024-06-03,North,Clothing,5,453.18,2265.9
35,2024-09-05,South,Food,43,245.28,10547.04
36,2024-04-04,West,Clothing,31,404.71,12546.01
37,2024-08-28,North,Toys,23,214.67,4937.41
38,2024-06-26,North,Electronics,4,204.3,817.2
39,2024-08-05,North,Clothing,13,99.15,1288.95
40,2024-02-15,West,Clothing,18,234.0,4212.0
41,2024-01-03,North,Electronics,42,499.64,20984.88
42,2024-04-28,South,Clothing,27,245.39,6625.53
43,2024-07-09,West,Electronics,11,192.59,2118.49
44,2024-12-26,West,Food,28,349.81,9794.68
45,2024-01-19,West,Clothing,13,151.87,1974.31
46,2024-08-17,North,Food,4,29.82,119.28
47,2024-03-03,South,Electronics,33,44.66,1473.78
48,2024-10-08,North,Clothing,26,64.34,1672.84
49,2024-10-17,North,Electronics,27,330.4,8920.8
50,2024-06-08,East,Food,14,336.51,4711.14
51,2024-05-15,East,Toys,9,337.49,3037.41
52,2024-10-04,East,Electronics,1,231.85,231.85
53,2024-06-03,North,Clothing,33,136.27,4496.91
54,2024-09-23,South,Food,19,83.08,1578.52
55,2024-05-22,East,Electronics,43,409.47,17607.21
56,2024-02-24,North,Clothing,17,62.14,1056.38
57,2024-12-11,South,Food,19,304.39,5783.41
58,2024-01-03,South,Food,33,246.82,8145.06
59,2024-03-21,West,Food,3,6.76,20.28
60,2024-12-14,East,Clothing,48,223.71,10738.08
61,2024-12-05,North,Electronics,5,472.8,2364.0
62,2024-07-05,North,Food,38,278.5,10583.0
63,2024-01-12,North,Food,24,450.0,10800.0
64,2024-09-28,South,Clothing,43,55.88,2402.84
65,2024-03-14,West,Clothing,16,432.98,6927.68
66,2024-07-26,North,Clothing,48,462.62,22205.76
67,2024-02-13,South,Food,11,394.75,4342.25
68,2024-08-12,North,Toys,15,103.79,1556.85
69,2024-04-13,East,Clothing,15,16.71,250.65
70,2024-05-12,East,Food,5,483.61,2418.05
71,2024-05-06,West,Food,2,62.09,124.18
72,2024-06-24,East,Electronics,7,300.3,2102.1
73,2024-02-13,East,Toys,39,492.2,19195.8
74,2024-01-17,South,Food,3,355.85,1067.55
75,2024-11-11,South,Food,28,39.64,1109.92
76,2024-09-10,East,Electronics,47,450.52,21174.44
77,2024-09-05,West,Food,26,350.12,9103.12
78,2024-11-24,South,Toys,43,470.48,20230.64
79,2024-01-10,South,Food,26,276.23,7181.98
80,2024-10-21,East,Clothing,28,393.95,11030.6
81,2024-04-17,East,Toys,29,223.87,6492.23
82,2024-09-22,West,Clothing,43,46.97,2019.71
83,2024-05-08,East,Electronics,49,121.26,5941.74
84,2024-08-20,South,Clothing,2,27.88,55.76
85,2024-10-07,North,Toys,27,443.64,11978.28
86,2024-11-23,West,Toys,26,125.77,3270.02
87,2024-03-26,North,Electronics,50,215.45,10772.5
88,2024-02-15,West,Electronics,36,128.35,4620.6
89,2024-09-20,South,Toys,43,267.91,11520.13
90,2024-09-14,East,Toys,40,408.43,16337.2
91,2024-08-09,West,Clothing,48,431.44,20709.12
92,2024-08-21,South,Food,50,389.95,19497.5
93,2024-05-08,South,Food,29,43.35,1257.15
94,2024-02-05,East,Food,21,447.05,9388.05
95,2024-12-07,South,Clothing,25,348.51,8712.75
96,2024-08-14,North,Toys,27,168.79,4557.33
97,2024-10-23,North,Clothing,27,197.79,5340.33
98,2024-06-10,North,Toys,31,7.92,245.52
99,2024-09-26,West,Toys,35,375.02,13125.7
100,2024-08-01,South,Toys,15,140.1,2101.5
101,2024-07-24,West,Food,43,341.18,14670.74
102,2024-09-01,South,Toys,9,490.46,4414.14
103,2024-03-28,West,Electronics,6,323.16,1938.96
104,2024-06-07,West,Clothing,4,133.78,535.12
105,2024-07-09,West,Food,22,381.81,8399.82
106,2024-12-18,West,Food,6,237.8,1426.8
107,2024-11-02,North,Food,15,326.82,4902.3
108,2024-10-05,North,Clothing,13,420.42,5465.46
109,2024-10-07,South,Clothing,31,336.38,10427.78
110,2024-10-20,West,Food,50,187.6,9380.0
111,2024-01-10,North,Clothing,20,58.51,1170.2
112,2024-10-23,West,Toys,46,103.17,4745.82
113,2024-11-20,South,Electronics,45,387.38,17432.1
114,2024-11-12,North,Electronics,23,268.71,6180.33
115,2024-08-04,North,Food,1,425.54,425.54
116,2024-08-23,West,Food,41,446.33,18299.53
117,2024-11-09,South,Toys,12,368.23,4418.76
118,2024-10-09,West,Toys,28,413.74,11584.72
119,2024-08-08,East,Clothing,6,143.07,858.42
120,2024-06-06,West,Toys,22,19.21,422.62
121,2024-06-09,West,Clothing,23,399.93,9198.39
122,2024-02-08,East,Electronics,34,474.29,16125.86
123,2024-12-16,West,Toys,36,380.29,13690.44
124,2024-04-13,West,Toys,2,51.06,102.12
125,2024-08-18,South,Food,43,292.87,12593.41
126,2024-06-23,East,Toys,48,277.44,13317.12
127,2024-02-24,West,Food,20,129.44,2588.8
128,2024-12-06,South,Food,8,372.73,2981.84
129,2024-12-19,South,Clothing,48,244.68,11744.64
130,2024-06-06,East,Electronics,13,151.64,1971.32
131,2024-05-02,East,Electronics,46,269.4,12392.4
132,2024-11-28,North,Food,45,472.32,21254.4
133,2024-08-16,West,Electronics,1,289.16,289.16
134,2024-05-28,West,Food,12,482.92,5795.04
135,2024-02-19,West,Electronics,5,203.35,1016.75
136,2024-05-03,North,Clothing,10,406.52,4065.2
137,2024-10-20,South,Electronics,36,383.4,13802.4
138,2024-05-28,South,Toys,29,454.71,13186.59
139,2024-10-24,West,Food,37,312.41,11559.17
140,2024-11-03,North,Clothing,41,109.46,4487.86
141,2024-03-01,South,Clothing,12,278.24,3338.88
142,2024-05-02,West,Toys,45,298.94,13452.3
143,2024-08-03,South,Food,46,144.95,6667.7
144,2024-04-14,South,Food,41,296.95,12174.95
145,2024-05-27,North,Clothing,42,78.75,3307.5
146,2024-05-20,South,Electronics,4,87.13,348.52
147,2024-05-23,East,Toys,8,237.01,1896.08
148,2024-08-03,West,Food,33,272.29,8985.57
149,2024-05-01,North,Toys,48,164.55,7898.4
150,2024-10-19,North,Clothing,44,418.8,18427.2
151,2024-03-16,North,Food,37,24.91,921.67
152,2024-07-21,West,Food,12,498.49,5981.88
153,2024-06-11,West,Electronics,31,177.24,5494.44
154,2024-08-10,North,Clothing,22,208.76,4592.72
155,2024-05-11,West,Electronics,30,48.59,1457.7
156,2024-01-22,North,Toys,33,413.34,13640.22
157,2024-06-20,West,Toys,4,97.85,391.4
158,2024-05-18,West,Toys,49,30.55,1496.95
159,2024-08-04,South,Food,29,441.02,12789.58
160,2024-09-01,North,Clothing,46,83.4,3836.4
161,2024-02-15,West,Electronics,15,496.17,7442.55
162,2024-05-17,North,Clothing,32,466.66,14933.12
163,2024-04-15,East,Toys,31,490.22,15196.82
164,2024-09-24,South,Toys,13,461.32,5997.16
165,2024-07-11,South,Electronics,18,387.47,6974.46
166,2024-10-19,East,Electronics,19,364.4,6923.6
167,2024-06-11,West,Clothing,29,271.6,7876.4
168,2024-12-08,West,Toys,21,435.45,9144.45
169,2024-06-24,West,Clothing,50,208.33,10416.5
170,2024-11-05,West,Toys,25,494.26,12356.5
171,2024-10-11,West,Electronics,9,253.63,2282.67
172,2024-08-01,North,Toys,7,265.35,1857.45
173,2024-02-16,South,Toys,42,485.13,20375.46
174,2024-11-03,East,Food,40,347.89,13915.6
175,2024-08-28,East,Toys,21,315.27,6620.67
176,2024-05-08,North,Electronics,16,317.42,5078.72
177,2024-12-28,North,Toys,7,381.38,2669.66
178,2024-01-02,North,Toys,11,348.53,3833.83
179,2024-07-05,East,Electronics,19,182.44,3466.36
180,2024-03-06,South,Toys,37,342.49,12672.13
181,2024-10-22,South,Electronics,40,436.07,17442.8
182,2024-08-21,South,Toys,38,75.84,2881.92
183,2024-08-10,East,Toys,17,335.09,5696.53
184,2024-10-10,South,Electronics,29,472.89,13713.81
185,2024-04-13,West,Food,30,423.43,12702.9
186,2024-06-19,West,Electronics,16,193.78,3100.48
187,2024-11-13,East,Food,2,489.08,978.16
188,2024-12-02,East,Electronics,37,433.21,16028.77
189,2024-10-26,West,Food,50,400.44,20022.0
190,2024-05-22,East,Clothing,41,99.12,4063.92
191,2024-05-26,South,Electronics,41,324.94,13322.54
192,2024-03-03,West,Electronics,38,185.61,7053.18
193,2024-04-05,East,Food,48,210.67,10112.16
194,2024-08-26,East,Food,11,132.2,1454.2
195,2024-02-05,East,Food,8,236.82,1894.56
196,2024-07-01,South,Toys,36,186.06,6698.16
197,2024-12-22,East,Electronics,30,187.45,5623.5
198,2024-02-22,East,Toys,41,470.44,19288.04
199,2024-09-11,South,Toys,2,311.68,623.36
200,2024-12-10,South,Electronics,41,412.81,16925.21
201,2024-01-10,West,Electronics,9,27.45,247.05
202,2024-09-05,West,Electronics,7,121.23,848.61
203,2024-12-23,West,Toys,24,336.89,8085.36
204,2024-08-20,West,Clothing,27,329.19,8888.13
205,2024-04-15,West,Food,3,346.69,1040.07
206,2024-11-12,West,Clothing,24,54.18,1300.32
207,2024-02-28,East,Electronics,26,141.56,3680.56
208,2024-11-20,West,Electronics,43,109.99,4729.57
209,2024-03-26,North,Electronics,22,125.57,2762.54
210,2024-10-07,South,Electronics,49,279.33,13687.17
211,2024-10-01,South,Food,50,78.04,3902.0
212,2024-03-04,East,Clothing,9,272.41,2451.69
213,2024-04-19,North,Clothing,1,182.33,182.33
214,2024-03-24,East,Electronics,12,136.36,1636.32
215,2024-08-25,West,Electronics,48,36.46,1750.08
216,2024-10-02,East,Electronics,29,254.4,7377.6
217,2024-01-16,East,Toys,42,482.19,20251.98
218,2024-12-15,West,Toys,44,58.44,2571.36
219,2024-02-05,North,Electronics,21,306.11,6428.31
220,2024-09-10,East,Food,25,497.34,12433.5
221,2024-02-28,West,Toys,7,397.58,2783.06
222,2024-07-11,South,Toys,29,444.61,12893.69
223,2024-06-14,West,Toys,27,366.16,9886.32
224,2024-11-16,East,Food,24,477.03,11448.72
225,2024-02-24,North,Electronics,6,51.15,306.9
226,2024-09-18,East,Clothing,36,34.69,1248.84
227,2024-11-25,East,Electronics,27,180.03,4860.81
228,2024-06-04,West,Electronics,19,302.2,5741.8
229,2024-02-12,South,Clothing,43,243.68,10478.24
230,2024-04-26,East,Electronics,49,142.89,7001.61
231,2024-12-09,West,Electronics,39,464.9,18131.1
232,2024-05-11,North,Clothing,18,352.84,6351.12
233,2024-10-22,East,Electronics,12,435.58,5226.96
234,2024-01-03,West,Electronics,10,371.78,3717.8
235,2024-03-12,South,Toys,27,229.55,6197.85
236,2024-10-03,East,Food,50,471.0,23550.0
237,2024-01-22,North,Clothing,11,378.45,4162.95
238,2024-08-20,North,Food,29,332.66,9647.14
239,2024-09-04,West,Toys,18,111.71,2010.78
240,2024-11-19,East,Toys,8,145.21,1161.68
241,2024-10-02,West,Food,3,114.16,342.48
242,2024-03-25,North,Clothing,20,472.94,9458.8
243,2024-08-24,East,Food,21,64.39,1352.19
244,2024-12-08,West,Clothing,9,193.2,1738.8
245,2024-01-14,East,Electronics,26,431.57,11220.82
246,2024-10-14,North,Toys,5,431.74,2158.7
247,2024-01-11,West,Toys,19,62.01,1178.19
248,2024-02-14,South,Toys,45,460.29,20713.05
249,2024-09-03,North,Clothing,28,296.49,8301.72
250,2024-06-25,West,Food,48,173.06,8306.88
251,2024-09-17,South,Electronics,33,318.45,10508.85
252,2024-11-27,South,Food,23,365.05,8396.15
253,2024-04-06,South,Clothing,7,77.49,542.43
254,2024-11-16,South,Electronics,12,475.89,5710.68
255,2024-10-21,West,Toys,44,462.46,20348.24
256,2024-08-15,East,Food,10,222.68,2226.8
257,2024-09-03,East,Food,38,32.81,1246.78
258,2024-06-27,East,Toys,29,23.62,684.98
259,2024-02-20,East,Electronics,42,432.8,18177.6
260,2024-12-02,West,Toys,38,279.39,10616.82
261,2024-09-05,West,Clothing,21,304.48,6394.08
262,2024-06-23,North,Toys,7,406.43,2845.01
263,2024-08-15,North,Clothing,3,127.63,382.89
264,2024-07-14,South,Food,24,459.38,11025.12
265,2024-02-11,East,Electronics,41,325.42,13342.22
266,2024-11-20,North,Toys,19,129.74,2465.06
267,2024-03-12,South,Food,6,293.46,1760.76
268,2024-02-10,East,Toys,9,299.55,2695.95
269,2024-12-22,West,Food,9,336.71,3030.39
270,2024-06-10,North,Toys,33,184.1,6075.3
271,2024-08-07,South,Clothing,22,474.1,10430.2
272,2024-02-17,South,Clothing,10,43.2,432.0
273,2024-10-13,North,Food,50,310.93,15546.5
274,2024-10-26,South,Clothing,12,416.52,4998.24
275,2024-11-24,South,Toys,3,208.38,625.14
276,2024-12-26,South,Toys,40,146.04,5841.6
277,2024-08-27,West,Clothing,35,123.39,4318.65
278,2024-08-15,South,Food,44,473.83,20848.52
279,2024-03-27,East,Toys,33,266.09,8780.97
280,2024-08-28,South,Clothing,17,30.83,524.11
281,2024-02-10,East,Electronics,46,423.72,19491.12
282,2024-09-05,North,Clothing,18,227.41,4093.38
283,2024-06-01,West,Electronics,15,409.27,6139.05
284,2024-04-13,West,Electronics,26,253.49,6590.74
285,2024-02-27,North,Food,15,18.95,284.25
286,2024-08-23,East,Clothing,9,23.96,215.64
287,2024-02-01,South,Toys,29,309.6,8978.4
288,2024-12-20,East,Clothing,10,276.66,2766.6
289,2024-05-04,West,Electronics,50,147.61,7380.5
290,2024-10-15,North,Clothing,27,321.28,8674.56
291,2024-01-21,North,Electronics,32,300.39,9612.48
292,2024-10-12,South,Clothing,19,217.47,4131.93
293,2024-02-17,South,Toys,12,333.86,4006.32
294,2024-09-18,East,Electronics,34,274.32,9326.88
295,2024-07-12,North,Toys,31,26.55,823.05
296,2024-06-08,East,Electronics,23,395.32,9092.36
297,2024-09-11,North,Food,9,26.95,242.55
298,2024-03-26,South,Toys,45,241.87,10884.15
299,2024-08-02,South,Electronics,46,389.21,17903.66
300,2024-01-11,East,Clothing,3,396.6,1189.8
301,2024-01-25,East,Toys,35,239.33,8376.55
302,2024-01-28,South,Food,23,431.76,9930.48
303,2024-07-13,East,Food,8,400.67,3205.36
304,2024-08-23,West,Toys,22,486.99,10713.78
305,2024-02-24,West,Food,34,137.03,4659.02
306,2024-03-18,West,Electronics,28,303.21,8489.88
307,2024-11-10,East,Food,7,44.63,312.41
308,2024-03-23,East,Toys,39,360.24,14049.36
309,2024-06-20,West,Food,29,25.97,753.13
310,2024-01-03,West,Food,41,490.11,20094.51
311,2024-11-06,West,Food,33,401.54,13250.82
312,2024-08-02,North,Clothing,39,340.65,13285.35
313,2024-06-12,South,Electronics,16,390.37,6245.92
314,2024-08-12,West,Electronics,39,80.95,3157.05
315,2024-03-17,East,Toys,49,43.06,2109.94
316,2024-04-04,East,Toys,21,326.53,6857.13
317,2024-09-04,North,Clothing,32,261.28,8360.96
318,2024-10-10,East,Food,46,225.91,10391.86
319,2024-02-15,West,Clothing,8,72.19,577.52
320,2024-06-22,South,Toys,6,406.2,2437.2
321,2024-05-28,East,Electronics,36,273.37,9841.32
322,2024-02-07,South,Clothing,24,256.83,6163.92
323,2024-09-19,South,Clothing,32,18.01,576.32
324,2024-02-03,East,Toys,36,69.24,2492.64
325,2024-09-14,East,Toys,46,360.84,16598.64
326,2024-11-03,West,Electronics,9,486.33,4376.97
327,2024-03-27,West,Toys,44,261.09,11487.96
328,2024-01-27,South,Clothing,28,253.92,7109.76
329,2024-06-23,North,Clothing,20,86.51,1730.2
330,2024-02-09,South,Food,34,447.99,15231.66
331,2024-10-18,South,Food,9,314.39,2829.51
332,2024-03-06,North,Clothing,38,471.1,17901.8
333,2024-11-25,East,Electronics,2,45.21,90.42
334,2024-10-21,East,Clothing,50,288.21,14410.5
335,2024-11-10,North,Toys,41,275.06,11277.46
336,2024-08-03,West,Clothing,44,206.02,9064.88
337,2024-08-07,North,Clothing,29,210.73,6111.17
338,2024-06-24,East,Clothing,21,431.44,9060.24
339,2024-09-18,East,Toys,9,381.53,3433.77
340,2024-05-15,North,Food,16,235.9,3774.4
341,2024-07-28,South,Clothing,7,30.05,210.35
342,2024-10-24,West,Clothing,11,407.67,4484.37
343,2024-09-15,East,Clothing,49,83.87,4109.63
344,2024-07-17,West,Food,32,16.47,527.04
345,2024-01-02,West,Clothing,14,293.76,4112.64
346,2024-11-22,East,Toys,39,441.76,17228.64
347,2024-02-14,West,Food,35,9.05,316.75
348,2024-07-12,South,Food,47,186.06,8744.82
349,2024-04-12,North,Toys,4,287.29,1149.16
350,2024-09-09,East,Electronics,25,254.61,6365.25
351,2024-06-18,North,Clothing,7,199.98,1399.86
352,2024-07-17,East,Clothing,13,303.22,3941.86
353,2024-06-26,North,Electronics,3,72.83,218.49
354,2024-09-05,West,Toys,10,305.1,3051.0
355,2024-10-24,East,Food,11,199.51,2194.61
356,2024-09-16,East,Food,33,415.0,13695.0
357,2024-11-04,East,Toys,2,187.34,374.68
358,2024-11-01,West,Food,47,436.69,20524.43
359,2024-10-19,West,Food,42,392.54,16486.68
360,2024-09-21,South,Electronics,38,242.82,9227.16
361,2024-10-23,West,Clothing,44,124.89,5495.16
362,2024-07-05,North,Clothing,2,223.31,446.62
363,2024-10-16,West,Clothing,27,253.4,6841.8
364,2024-06-22,North,Clothing,34,107.63,3659.42
365,2024-08-18,West,Toys,21,478.56,10049.76
366,2024-12-22,East,Food,44,387.13,17033.72
367,2024-05-18,East,Toys,13,478.88,6225.44
368,2024-12-07,East,Clothing,20,386.73,7734.6
369,2024-12-09,West,Food,31,177.66,5507.46
370,2024-07-13,East,Electronics,37,339.93,12577.41
371,2024-12-03,East,Clothing,19,25.82,490.58
372,2024-08-07,East,Toys,42,131.94,5541.48
373,2024-03-04,South,Food,36,349.6,12585.6
374,2024-09-08,South,Clothing,4,336.57,1346.28
375,2024-12-16,South,Electronics,7,209.58,1467.06
376,2024-03-14,North,Clothing,1,482.44,482.44
377,2024-05-11,West,Toys,42,103.73,4356.66
378,2024-10-08,East,Electronics,50,49.28,2464.0
379,2024-03-02,North,Clothing,27,441.71,11926.17
380,2024-05-02,West,Toys,12,468.62,5623.44
381,2024-06-10,North,Food,37,303.38,11225.06
382,2024-08-09,West,Toys,9,426.27,3836.43
383,2024-08-21,South,Electronics,22,85.43,1879.46
384,2024-05-19,East,Clothing,1,369.63,369.63
385,2024-07-27,South,Clothing,40,428.79,17151.6
386,2024-02-06,West,Food,6,203.41,1220.46
387,2024-01-09,South,Toys,21,468.23,9832.83
388,2024-06-10,West,Clothing,29,378.11,10965.19
389,2024-04-02,North,Food,42,182.98,7685.16
390,2024-11-17,North,Toys,20,84.06,1681.2
391,2024-05-12,East,Electronics,41,458.48,18797.68
392,2024-08-24,South,Clothing,9,241.7,2175.3
393,2024-08-25,East,Toys,45,276.87,12459.15
394,2024-02-17,South,Clothing,44,378.6,16658.4
395,2024-02-02,West,Food,5,459.04,2295.2
396,2024-09-15,South,Clothing,11,167.42,1841.62
397,2024-02-17,North,Clothing,46,293.66,13508.36
398,2024-07-15,West,Electronics,30,70.31,2109.3
399,2024-12-01,North,Toys,44,404.42,17794.48
400,2024-10-03,West,Food,1,374.17,374.17
401,2024-09-02,North,Toys,23,351.69,8088.87
402,2024-03-25,North,Toys,3,147.11,441.33
403,2024-07-15,South,Toys,24,496.46,11915.04
404,2024-11-28,West,Toys,6,342.95,2057.7
405,2024-09-13,South,Food,8,93.34,746.72
406,2024-05-15,South,Clothing,1,379.31,379.31
407,2024-06-05,West,Toys,15,127.52,1912.8
408,2024-01-26,East,Clothing,47,383.92,18044.24
409,2024-02-20,West,Electronics,16,107.01,1712.16
410,2024-01-08,North,Toys,39,337.65,13168.35
411,2024-04-25,North,Toys,29,121.0,3509.0
412,2024-04-27,North,Clothing,33,496.77,16393.41
413,2024-03-22,East,Food,16,154.37,2469.92
414,2024-09-19,South,Toys,20,141.2,2824.0
415,2024-06-21,South,Toys,36,250.33,9011.88
416,2024-03-10,West,Food,45,211.08,9498.6
417,2024-04-28,West,Clothing,49,271.27,13292.23
418,2024-08-02,South,Food,46,76.45,3516.7
419,2024-07-08,West,Toys,36,267.35,9624.6
420,2024-08-28,East,Clothing,22,325.12,7152.64
421,2024-04-02,East,Electronics,35,363.67,12728.45
422,2024-01-28,East,Toys,44,304.46,13396.24
423,2024-11-18,North,Clothing,49,295.85,14496.65
424,2024-06-10,South,Toys,14,435.39,6095.46
425,2024-02-24,North,Clothing,13,481.23,6255.99
426,2024-04-13,West,Clothing,45,304.18,13688.1
427,2024-08-18,South,Food,50,145.11,7255.5
428,2024-08-15,East,Food,17,183.02,3111.34
429,2024-04-12,North,Toys,49,420.67,20612.83
430,2024-04-24,East,Toys,3,283.45,850.35
431,2024-10-19,South,Electronics,17,278.89,4741.13
432,2024-04-13,West,Food,10,102.11,1021.1
433,2024-11-11,South,Toys,36,329.03,11845.08
434,2024-08-15,East,Toys,47,322.64,15164.08
435,2024-09-16,South,Food,11,74.28,817.08
436,2024-02-27,South,Electronics,34,21.74,739.16
437,2024-11-08,North,Electronics,27,73.06,1972.62
438,2024-08-12,North,Clothing,1,113.27,113.27
439,2024-01-18,North,Toys,43,246.49,10599.07
440,2024-05-18,West,Electronics,2,267.06,534.12
441,2024-11-14,East,Electronics,33,407.51,13447.83
442,2024-04-07,South,Electronics,7,264.57,1851.99
443,2024-02-12,East,Food,18,398.49,7172.82
444,2024-12-08,West,Toys,37,125.39,4639.43
445,2024-11-25,East,Electronics,42,495.88,20826.96
446,2024-09-16,North,Electronics,26,192.74,5011.24
447,2024-08-28,North,Electronics,45,89.83,4042.35
448,2024-02-17,West,Food,37,488.78,18084.86
449,2024-12-19,North,Clothing,14,451.13,6315.82
450,2024-11-09,West,Food,3,462.46,1387.38
451,2024-04-19,North,Clothing,21,12.75,267.75
452,2024-10-08,South,Toys,5,153.14,765.7
453,2024-03-26,West,Food,25,379.03,9475.75
454,2024-04-27,North,Food,4,53.35,213.4
455,2024-10-13,North,Food,39,385.66,15040.74
456,2024-08-16,East,Electronics,41,140.3,5752.3
457,2024-07-06,South,Food,36,470.87,16951.32
458,2024-04-23,West,Electronics,50,311.21,15560.5
459,2024-12-26,North,Electronics,18,81.34,1464.12
460,2024-02-01,South,Toys,21,183.55,3854.55
461,2024-02-05,East,Toys,24,381.87,9164.88
462,2024-09-17,North,Clothing,28,227.18,6361.04
463,2024-09-03,West,Electronics,2,49.36,98.72
464,2024-07-25,East,Toys,1,149.46,149.46
465,2024-11-13,North,Clothing,37,262.95,9729.15
466,2024-08-05,South,Clothing,18,154.06,2773.08
467,2024-05-16,North,Clothing,28,141.6,3964.8
468,2024-12-21,North,Food,17,472.39,8030.63
469,2024-05-01,West,Clothing,30,57.95,1738.5
470,2024-06-15,West,Food,40,193.05,7722.0
471,2024-03-10,East,Toys,42,487.24,20464.08
472,2024-07-11,East,Clothing,31,160.52,4976.12
473,2024-06-13,East,Toys,37,392.08,14506.96
474,2024-10-07,East,Toys,24,61.37,1472.88
475,2024-12-07,South,Electronics,47,233.5,10974.5
476,2024-07-22,West,Food,45,39.23,1765.35
477,2024-05-22,West,Clothing,41,154.9,6350.9
478,2024-10-16,South,Toys,25,41.61,1040.25
479,2024-06-23,West,Toys,35,23.2,812.0
480,2024-11-12,North,Electronics,50,127.87,6393.5
481,2024-11-21,South,Electronics,37,491.89,18199.93
482,2024-02-09,West,Food,28,57.44,1608.32
483,2024-08-25,South,Clothing,29,190.19,5515.51
484,2024-05-14,South,Food,2,243.97,487.94
485,2024-05-11,North,Electronics,47,75.13,3531.11
486,2024-08-04,West,Clothing,34,244.05,8297.7
487,2024-01-26,West,Toys,21,38.25,803.25
488,2024-11-26,North,Electronics,22,325.75,7166.5
489,2024-03-11,South,Clothing,34,91.35,3105.9
490,2024-11-06,West,Toys,15,399.89,5998.35
491,2024-10-07,South,Toys,26,19.45,505.7
492,2024-04-07,West,Toys,25,7.2,180.0
493,2024-09-06,East,Electronics,37,55.37,2048.69
494,2024-05-22,East,Food,13,231.49,3009.37
495,2024-07-19,West,Food,39,197.38,7697.82
496,2024-10-06,North,Food,23,423.53,9741.19
497,2024-02-08,East,Electronics,44,71.3,3137.2
498,2024-03-17,East,Electronics,12,189.79,2277.48
499,2024-07-14,West,Toys,39,73.24,2856.36
500,2024-11-06,South,Toys,41,271.0,11111.0
501,2024-06-27,South,Toys,19,74.45,1414.55
502,2024-08-05,West,Electronics,23,476.16,10951.68
503,2024-08-14,South,Toys,36,255.19,9186.84
504,2024-08-06,West,Toys,46,420.75,19354.5
505,2024-01-09,North,Electronics,49,114.16,5593.84
506,2024-10-24,South,Food,11,391.47,4306.17
507,2024-09-27,West,Electronics,37,61.53,2276.61
508,2024-09-07,East,Electronics,49,360.9,17684.1
509,2024-04-10,West,Electronics,48,415.89,19962.72
510,2024-02-15,North,Toys,17,177.55,3018.35
511,2024-10-23,North,Clothing,14,406.3,5688.2
512,2024-04-27,East,Toys,11,309.99,3409.89
513,2024-05-20,South,Electronics,37,178.65,6610.05
514,2024-10-09,South,Food,46,149.85,6893.1
515,2024-01-09,North,Clothing,49,393.92,19302.08
516,2024-06-27,South,Clothing,16,77.39,1238.24
517,2024-11-09,South,Toys,32,75.37,2411.84
518,2024-02-13,West,Toys,29,42.38,1229.02
519,2024-06-19,East,Food,30,475.38,14261.4
520,2024-11-22,North,Electronics,47,486.21,22851.87
521,2024-07-27,East,Electronics,35,201.87,7065.45
522,2024-05-11,South,Toys,18,164.82,2966.76
523,2024-01-02,South,Toys,22,447.61,9847.42
524,2024-03-15,North,Toys,2,66.5,133.0
525,2024-12-05,West,Electronics,28,105.15,2944.2
526,2024-06-09,East,Clothing,18,51.2,921.6
527,2024-03-02,North,Food,43,452.38,19452.34
528,2024-04-14,West,Food,47,351.22,16507.34
529,2024-02-05,North,Electronics,1,110.64,110.64
530,2024-06-27,South,Toys,1,8.99,8.99
531,2024-02-08,North,Toys,45,70.43,3169.35
532,2024-02-11,West,Electronics,47,403.95,18985.65
533,2024-03-21,East,Food,9,194.45,1750.05
534,2024-10-21,South,Electronics,34,283.83,9650.22
535,2024-11-24,South,Toys,23,362.6,8339.8
536,2024-04-03,South,Toys,40,344.85,13794.0
537,2024-12-13,North,Clothing,49,65.96,3232.04
538,2024-04-09,East,Toys,21,396.58,8328.18
539,2024-12-20,North,Clothing,36,302.49,10889.64
540,2024-04-17,East,Electronics,43,438.53,18856.79
541,2024-04-16,South,Toys,19,324.85,6172.15
542,2024-10-03,West,Electronics,16,252.29,4036.64
543,2024-10-14,North,Food,21,70.33,1476.93
544,2024-02-01,East,Clothing,49,238.15,11669.35
545,2024-01-26,North,Electronics,17,111.79,1900.43
546,2024-07-14,West,Food,41,357.75,14667.75
547,2024-10-05,West,Electronics,41,270.6,11094.6
548,2024-04-26,East,Electronics,20,44.12,882.4
549,2024-11-22,South,Food,26,295.29,7677.54
550,2024-04-02,North,Food,45,221.56,9970.2
551,2024-10-20,South,Electronics,28,62.41,1747.48
552,2024-12-06,North,Food,43,372.14,16002.02
553,2024-01-06,North,Electronics,46,72.92,3354.32
554,2024-12-09,West,Food,34,261.03,8875.02
555,2024-05-24,South,Food,9,376.14,3385.26
556,2024-05-17,North,Electronics,22,404.52,8899.44
557,2024-11-03,North,Food,46,487.65,22431.9
558,2024-08-28,West,Toys,33,183.26,6047.58
559,2024-02-19,South,Food,11,131.28,1444.08
560,2024-01-28,North,Clothing,48,256.87,12329.76
561,2024-07-05,North,Clothing,3,238.52,715.56
562,2024-12-24,South,Electronics,36,402.54,14491.44
563,2024-12-11,West,Clothing,21,127.89,2685.69
564,2024-09-22,East,Electronics,37,189.54,7012.98
565,2024-01-13,North,Clothing,15,403.15,6047.25
566,2024-05-11,North,Toys,19,387.9,7370.1
567,2024-05-19,North,Toys,1,187.62,187.62
568,2024-08-25,East,Clothing,30,187.3,5619.0
569,2024-07-01,South,Clothing,10,8.16,81.6
570,2024-01-11,South,Food,41,420.59,17244.19
571,2024-02-07,North,Toys,48,364.97,17518.56
572,2024-03-23,South,Toys,32,480.79,15385.28
573,2024-09-14,East,Electronics,3,461.03,1383.09
574,2024-02-17,East,Toys,48,47.03,2257.44
575,2024-01-14,South,Toys,5,297.99,1489.95
576,2024-06-26,South,Clothing,19,134.19,2549.61
577,2024-04-03,West,Food,21,229.12,4811.52
578,2024-02-05,South,Clothing,50,386.22,19311.0
579,2024-07-04,North,Clothing,29,235.7,6835.3
580,2024-05-28,East,Clothing,29,157.61,4570.69
581,2024-05-27,North,Electronics,11,404.76,4452.36
582,2024-12-08,North,Clothing,21,78.42,1646.82
583,2024-05-09,East,Toys,33,29.23,964.59
584,2024-09-24,South,Electronics,26,428.03,11128.78
585,2024-03-04,South,Electronics,30,55.44,1663.2
586,2024-03-07,North,Electronics,50,491.37,24568.5
587,2024-11-03,West,Food,44,317.0,13948.0
588,2024-04-21,East,Electronics,2,498.59,997.18
589,2024-06-04,West,Clothing,6,453.01,2718.06
590,2024-10-14,North,Toys,4,88.15,352.6
591,2024-07-06,West,Toys,2,194.45,388.9
592,2024-08-05,East,Clothing,12,141.12,1693.44
593,2024-07-18,North,Clothing,42,151.08,6345.36
594,2024-03-14,West,Electronics,6,143.49,860.94
595,2024-09-26,South,Clothing,41,497.07,20379.87
596,2024-09-26,North,Toys,46,182.76,8406.96
597,2024-07-09,West,Food,37,253.68,9386.16
598,2024-01-26,South,Electronics,21,300.57,6311.97
599,2024-10-08,East,Electronics,31,267.07,8279.17
600,2024-05-18,South,Electronics,16,330.15,5282.4
601,2024-07-12,North,Clothing,37,424.02,15688.74
602,2024-12-23,South,Clothing,16,298.3,4772.8
603,2024-10-19,East,Electronics,46,351.78,16181.88
604,2024-03-16,South,Clothing,32,273.35,8747.2
605,2024-04-01,North,Electronics,4,120.15,480.6
606,2024-04-26,West,Electronics,22,459.36,10105.92
607,2024-06-02,South,Food,46,92.84,4270.64
608,2024-03-25,North,Clothing,38,353.82,13445.16
609,2024-11-13,North,Food,5,189.93,949.65
610,2024-03-24,North,Food,20,164.69,3293.8
611,2024-12-18,West,Toys,42,162.06,6806.52
612,2024-03-13,East,Clothing,43,296.53,12750.79
613,2024-01-23,East,Food,9,92.97,836.73
614,2024-10-08,West,Electronics,12,303.18,3638.16
615,2024-02-08,North,Toys,10,168.93,1689.3
616,2024-02-27,East,Food,11,319.91,3519.01
617,2024-04-23,East,Toys,1,136.28,136.28
618,2024-12-01,North,Food,17,394.57,6707.69
619,2024-03-14,North,Toys,29,367.63,10661.27
620,2024-02-27,West,Toys,23,275.28,6331.44
621,2024-01-10,West,Clothing,11,228.39,2512.29
622,2024-02-11,North,Food,17,476.07,8093.19
623,2024-09-03,South,Toys,11,367.33,4040.63
624,2024-11-06,East,Toys,46,20.34,935.64
625,2024-04-07,West,Clothing,4,55.12,220.48
626,2024-04-04,West,Food,43,144.35,6207.05
627,2024-08-05,North,Toys,37,277.08,10251.96
628,2024-05-27,North,Food,1,216.66,216.66
629,2024-03-21,West,Clothing,7,17.74,124.18
630,2024-05-26,East,Electronics,31,422.67,13102.77
631,2024-05-03,West,Toys,32,447.96,14334.72
632,2024-06-06,West,Clothing,24,443.32,10639.68
633,2024-05-08,West,Electronics,17,222.67,3785.39
634,2024-11-04,East,Electronics,10,377.36,3773.6
635,2024-10-08,North,Food,35,209.92,7347.2
636,2024-09-22,North,Toys,34,212.22,7215.48
637,2024-07-28,West,Clothing,31,152.93,4740.83
638,2024-08-06,North,Clothing,8,474.88,3799.04
639,2024-07-03,South,Clothing,13,67.46,876.98
640,2024-10-09,West,Clothing,41,78.2,3206.2
641,2024-07-18,East,Electronics,6,197.11,1182.66
642,2024-01-26,East,Food,34,231.79,7880.86
643,2024-10-19,West,Electronics,27,79.07,2134.89
644,2024-05-28,North,Electronics,37,390.87,14462.19
645,2024-08-19,East,Toys,17,194.61,3308.37
646,2024-03-20,West,Electronics,12,141.33,1695.96
647,2024-06-23,West,Electronics,26,445.34,11578.84
648,2024-05-12,South,Electronics,48,240.23,11531.04
649,2024-08-28,North,Food,20,158.92,3178.4
650,2024-12-15,North,Clothing,9,153.74,1383.66
651,2024-11-03,East,Food,47,211.3,9931.1
652,2024-07-24,South,Toys,14,457.15,6400.1
653,2024-03-03,West,Food,4,260.06,1040.24
654,2024-09-19,East,Toys,9,391.36,3522.24
655,2024-04-27,North,Clothing,13,438.21,5696.73
656,2024-06-23,North,Clothing,3,230.94,692.82
657,2024-09-13,South,Food,24,412.64,9903.36
658,2024-10-15,North,Electronics,16,189.37,3029.92
659,2024-06-06,South,Toys,38,277.91,10560.58
660,2024-01-06,East,Electronics,19,18.59,353.21
661,2024-04-09,South,Clothing,42,116.43,4890.06
662,2024-11-01,West,Electronics,50,483.73,24186.5
663,2024-01-08,West,Clothing,42,90.73,3810.66
664,2024-11-09,East,Food,46,483.68,22249.28
665,2024-04-15,West,Toys,23,232.2,5340.6
666,2024-09-22,East,Toys,38,55.64,2114.32
667,2024-08-03,East,Food,20,343.78,6875.6
668,2024-05-09,East,Food,41,165.94,6803.54
669,2024-04-02,East,Clothing,10,261.06,2610.6
670,2024-01-21,West,Food,44,74.27,3267.88
671,2024-07-13,West,Food,17,453.92,7716.64
672,2024-04-22,North,Clothing,22,364.64,8022.08
673,2024-03-27,West,Food,33,153.6,5068.8
674,2024-12-09,South,Food,7,238.04,1666.28
675,2024-06-08,South,Food,42,49.2,2066.4
676,2024-10-10,East,Toys,22,188.98,4157.56
677,2024-11-19,West,Electronics,31,31.57,978.67
678,2024-11-13,North,Toys,13,252.74,3285.62
679,2024-03-05,East,Toys,4,436.07,1744.28
680,2024-08-05,South,Food,27,493.66,13328.82
681,2024-06-21,East,Clothing,50,45.0,2250.0
682,2024-08-09,South,Food,41,33.72,1382.52
683,2024-08-26,South,Clothing,37,383.42,14186.54
684,2024-07-13,North,Clothing,40,219.69,8787.6
685,2024-09-07,West,Toys,25,7.31,182.75
686,2024-09-07,East,Electronics,21,379.64,7972.44
687,2024-04-23,North,Electronics,41,368.13,15093.33
688,2024-09-19,East,Food,9,55.84,502.56
689,2024-05-10,East,Clothing,5,412.8,2064.0
690,2024-03-11,West,Food,28,444.55,12447.4
691,2024-07-01,West,Food,49,98.27,4815.23
692,2024-04-24,South,Clothing,47,492.52,23148.44
693,2024-11-26,North,Clothing,8,186.46,1491.68
694,2024-09-20,North,Toys,41,131.62,5396.42
695,2024-01-02,North,Electronics,43,58.52,2516.36
696,2024-09-09,North,Toys,29,193.23,5603.67
697,2024-11-01,West,Clothing,14,349.12,4887.68
698,2024-09-09,East,Toys,43,54.99,2364.57
699,2024-10-04,South,Toys,7,258.23,1807.61
700,2024-10-07,East,Electronics,7,251.38,1759.66
701,2024-05-06,East,Clothing,23,353.2,8123.6
702,2024-08-11,North,Toys,14,345.66,4839.24
703,2024-02-27,South,Electronics,1,337.46,337.46
704,2024-02-24,West,Clothing,6,390.87,2345.22
705,2024-05-09,North,Food,42,119.42,5015.64
706,2024-01-28,West,Electronics,7,407.52,2852.64
707,2024-12-04,East,Food,44,159.79,7030.76
708,2024-11-21,North,Electronics,1,426.74,426.74
709,2024-10-09,South,Food,23,447.79,10299.17
710,2024-07-13,North,Food,22,95.52,2101.44
711,2024-08-26,West,Food,25,346.5,8662.5
712,2024-12-02,West,Clothing,8,70.59,564.72
713,2024-08-26,South,Electronics,27,456.06,12313.62
714,2024-06-20,West,Clothing,40,192.98,7719.2
715,2024-02-14,North,Clothing,31,460.6,14278.6
716,2024-06-01,West,Electronics,5,134.5,672.5
717,2024-12-20,South,Food,34,263.94,8973.96
718,2024-08-12,North,Toys,43,364.69,15681.67
719,2024-10-02,West,Clothing,36,446.57,16076.52
720,2024-08-28,North,Clothing,33,425.18,14030.94
721,2024-04-11,South,Electronics,49,248.37,12170.13
722,2024-11-13,East,Electronics,33,115.24,3802.92
723,2024-10-15,West,Clothing,6,232.25,1393.5
724,2024-08-24,North,Toys,29,161.45,4682.05
725,2024-09-18,North,Electronics,26,209.11,5436.86
726,2024-11-10,North,Electronics,39,481.77,18789.03
727,2024-01-27,South,Toys,22,184.85,4066.7
728,2024-10-20,South,Toys,22,282.27,6209.94
729,2024-02-25,West,Food,46,229.0,10534.0
730,2024-11-26,South,Electronics,22,180.79,3977.38
731,2024-03-16,East,Food,45,57.63,2593.35
732,2024-04-07,South,Toys,7,130.87,916.09
733,2024-04-23,North,Toys,14,231.24,3237.36
734,2024-11-27,East,Electronics,49,210.16,10297.84
735,2024-09-05,North,Toys,30,330.94,9928.2
736,2024-09-14,West,Electronics,34,369.43,12560.62
737,2024-12-27,West,Clothing,45,291.38,13112.1
738,2024-10-11,South,Electronics,25,330.47,8261.75
739,2024-04-09,West,Toys,39,458.38,17876.82
740,2024-03-05,West,Food,19,229.16,4354.04
741,2024-06-23,West,Food,45,276.16,12427.2
742,2024-05-22,South,Clothing,14,313.96,4395.44
743,2024-03-17,East,Clothing,46,326.79,15032.34
744,2024-08-19,East,Electronics,49,179.36,8788.64
745,2024-09-04,West,Food,28,405.11,11343.08
746,2024-01-07,North,Toys,10,31.27,312.7
747,2024-03-27,East,Clothing,19,343.28,6522.32
748,2024-01-12,North,Food,14,378.03,5292.42
749,2024-12-18,West,Electronics,40,434.68,17387.2
750,2024-12-10,South,Toys,16,257.91,4126.56
751,2024-11-11,North,Toys,25,211.2,5280.0
752,2024-10-28,North,Electronics,48,129.41,6211.68
753,2024-11-12,West,Clothing,41,353.79,14505.39
754,2024-11-03,South,Clothing,19,227.16,4316.04
755,2024-07-02,South,Clothing,48,259.35,12448.8
756,2024-03-19,West,Food,36,135.8,4888.8
757,2024-03-02,East,Electronics,22,235.83,5188.26
758,2024-11-20,South,Food,39,30.17,1176.63
759,2024-02-26,East,Toys,37,277.33,10261.21
760,2024-09-06,East,Clothing,12,262.7,3152.4
761,2024-04-22,West,Toys,6,177.95,1067.7
762,2024-10-17,East,Food,24,150.32,3607.68
763,2024-08-08,West,Electronics,8,336.12,2688.96
764,2024-07-26,South,Electronics,44,443.4,19509.6
765,2024-05-01,North,Toys,17,272.42,4631.14
766,2024-11-07,East,Toys,32,26.71,854.72
767,2024-09-18,East,Electronics,7,87.86,615.02
768,2024-04-28,North,Electronics,14,336.82,4715.48
769,2024-12-24,West,Electronics,14,271.19,3796.66
770,2024-01-15,West,Electronics,48,344.59,16540.32
771,2024-03-26,East,Electronics,6,41.26,247.56
772,2024-05-14,East,Electronics,37,411.7,15232.9
773,2024-06-01,West,Toys,41,205.2,8413.2
774,2024-12-20,West,Electronics,35,7.92,277.2
775,2024-06-17,North,Electronics,45,424.88,19119.6
776,2024-02-10,North,Food,44,154.17,6783.48
777,2024-01-16,West,Toys,26,411.95,10710.7
778,2024-09-10,South,Clothing,9,374.64,3371.76
779,2024-12-21,South,Food,44,444.05,19538.2
780,2024-03-04,East,Electronics,36,438.01,15768.36
781,2024-09-18,North,Electronics,37,300.34,11112.58
782,2024-12-12,North,Food,14,375.41,5255.74
783,2024-03-06,South,Toys,42,426.47,17911.74
784,2024-04-04,South,Clothing,40,418.2,16728.0
785,2024-09-15,South,Electronics,49,466.52,22859.48
786,2024-02-07,North,Food,43,38.34,1648.62
787,2024-11-08,West,Food,23,68.47,1574.81
788,2024-04-11,North,Food,40,39.56,1582.4
789,2024-05-23,West,Toys,22,310.09,6821.98
790,2024-03-01,South,Food,21,479.54,10070.34
791,2024-11-14,East,Clothing,15,357.54,5363.1
792,2024-06-16,East,Food,9,341.39,3072.51
793,2024-08-18,West,Toys,23,388.51,8935.73
794,2024-05-28,North,Clothing,42,305.28,12821.76
795,2024-11-03,South,Clothing,17,368.1,6257.7
796,2024-10-19,North,Electronics,33,317.66,10482.78
797,2024-09-18,West,Clothing,3,278.04,834.12
798,2024-10-24,West,Clothing,24,199.29,4782.96
799,2024-02-13,East,Clothing,30,253.06,7591.8
800,2024-10-22,East,Electronics,43,123.25,5299.75
801,2024-10-19,South,Clothing,29,83.82,2430.78
802,2024-08-08,South,Toys,23,25.01,575.23
803,2024-11-07,North,Food,24,120.84,2900.16
804,2024-01-02,East,Toys,31,459.36,14240.16
805,2024-11-27,East,Electronics,46,484.38,22281.48
806,2024-03-13,East,Food,38,274.45,10429.1
807,2024-02-17,West,Food,38,328.4,12479.2
808,2024-06-27,East,Toys,15,260.6,3909.0
809,2024-01-17,East,Toys,31,444.15,13768.65
810,2024-09-21,South,Toys,11,118.85,1307.35
811,2024-06-20,East,Clothing,10,97.52,975.2
812,2024-12-04,North,Clothing,27,406.53,10976.31
813,2024-03-21,West,Toys,31,109.3,3388.3
814,2024-10-19,West,Electronics,16,26.36,421.76
815,2024-10-05,South,Clothing,41,258.76,10609.16
816,2024-09-13,North,Clothing,17,461.61,7847.37
817,2024-10-16,North,Food,6,112.21,673.26
818,2024-10-05,West,Clothing,15,416.03,6240.45
819,2024-06-15,South,Food,11,363.47,3998.17
820,2024-02-01,North,Clothing,25,195.8,4895.0
821,2024-03-16,South,Toys,10,304.73,3047.3
822,2024-03-20,North,Electronics,6,243.71,1462.26
823,2024-01-23,North,Toys,34,213.24,7250.16
824,2024-07-12,West,Clothing,31,395.83,12270.73
825,2024-04-28,North,Toys,9,130.99,1178.91
826,2024-07-09,North,Food,39,439.0,17121.0
827,2024-01-19,South,Electronics,46,373.1,17162.6
828,2024-12-26,North,Electronics,25,329.0,8225.0
829,2024-07-21,East,Toys,24,57.76,1386.24
830,2024-06-20,East,Food,35,214.66,7513.1
831,2024-09-26,East,Toys,49,105.83,5185.67
832,2024-08-09,West,Clothing,24,281.75,6762.0
833,2024-12-05,East,Food,50,354.22,17711.0
834,2024-03-04,North,Clothing,29,392.64,11386.56
835,2024-10-23,South,Toys,22,401.42,8831.24
836,2024-01-26,North,Clothing,25,482.46,12061.5
837,2024-07-03,North,Clothing,31,463.3,14362.3
838,2024-10-02,North,Food,15,188.56,2828.4
839,2024-05-23,West,Toys,40,329.81,13192.4
840,2024-01-07,North,Clothing,41,249.71,10238.11
841,2024-09-17,East,Clothing,3,393.06,1179.18
842,2024-04-21,South,Clothing,44,22.85,1005.4
843,2024-07-12,North,Clothing,6,498.42,2990.52
844,2024-01-24,West,Toys,38,104.15,3957.7
845,2024-09-19,North,Electronics,36,145.82,5249.52
846,2024-04-15,East,Food,18,117.02,2106.36
847,2024-09-04,West,Electronics,17,91.64,1557.88
848,2024-09-09,North,Food,22,473.77,10422.94
849,2024-04-25,East,Toys,25,283.77,7094.25
850,2024-10-28,East,Toys,44,233.06,10254.64
851,2024-07-21,North,Toys,8,132.62,1060.96
852,2024-06-17,South,Clothing,21,209.15,4392.15
853,2024-07-22,North,Food,16,147.21,2355.36
854,2024-08-11,East,Electronics,36,466.04,16777.44
855,2024-12-22,East,Clothing,37,138.19,5113.03
856,2024-12-08,South,Toys,48,103.83,4983.84
857,2024-04-27,East,Clothing,15,105.37,1580.55
858,2024-02-22,East,Clothing,50,57.81,2890.5
859,2024-01-28,West,Electronics,49,429.26,21033.74
860,2024-10-28,West,Food,40,161.13,6445.2
861,2024-09-09,East,Toys,12,492.28,5907.36
862,2024-01-17,West,Clothing,49,290.45,14232.05
863,2024-06-13,West,Toys,35,21.12,739.2
864,2024-08-11,South,Toys,8,350.63,2805.04
865,2024-10-04,North,Electronics,44,109.32,4810.08
866,2024-03-18,East,Food,40,431.61,17264.4
867,2024-10-11,East,Clothing,18,238.32,4289.76
868,2024-07-23,East,Clothing,32,214.85,6875.2
869,2024-03-19,East,Food,26,143.42,3728.92
870,2024-04-18,South,Clothing,7,361.8,2532.6
871,2024-12-05,West,Toys,13,77.19,1003.47
872,2024-03-28,West,Electronics,12,213.65,2563.8
873,2024-10-02,East,Toys,20,129.23,2584.6
874,2024-04-27,West,Electronics,45,85.85,3863.25
875,2024-12-11,East,Toys,41,52.67,2159.47
876,2024-05-12,East,Food,24,282.37,6776.88
877,2024-11-20,North,Toys,8,178.79,1430.32
878,2024-06-22,South,Clothing,50,145.88,7294.0
879,2024-05-15,West,Toys,6,193.63,1161.78
880,2024-06-14,South,Clothing,41,404.82,16597.62
881,2024-04-11,West,Electronics,6,85.19,511.14
882,2024-11-13,East,Food,46,137.4,6320.4
883,2024-06-24,East,Toys,50,432.09,21604.5
884,2024-01-05,West,Toys,11,96.02,1056.22
885,2024-02-07,South,Food,48,351.84,16888.32
886,2024-08-18,South,Toys,7,52.3,366.1
887,2024-02-04,North,Electronics,50,201.52,10076.0
888,2024-07-10,East,Clothing,6,329.14,1974.84
889,2024-11-05,South,Clothing,48,145.67,6992.16
890,2024-06-28,South,Clothing,2,22.4,44.8
891,2024-09-09,East,Toys,30,487.62,14628.6
892,2024-10-20,West,Clothing,45,271.95,12237.75
893,2024-09-10,West,Toys,34,321.69,10937.46
894,2024-02-15,East,Toys,35,117.43,4110.05
895,2024-05-01,East,Food,27,133.6,3607.2
896,2024-09-01,North,Clothing,23,146.95,3379.85
897,2024-07-26,West,Toys,20,9.52,190.4
898,2024-04-14,East,Clothing,1,276.37,276.37
899,2024-12-21,West,Toys,16,85.82,1373.12
900,2024-07-21,West,Toys,15,135.18,2027.7
901,2024-09-26,South,Food,19,325.99,6193.81
902,2024-03-05,East,Toys,13,427.47,5557.11
903,2024-08-09,East,Electronics,41,230.39,9445.99
904,2024-01-18,West,Clothing,21,14.6,306.6
905,2024-03-23,North,Clothing,7,144.65,1012.55
906,2024-01-16,West,Electronics,15,49.65,744.75
907,2024-08-12,South,Food,27,159.23,4299.21
908,2024-03-02,West,Electronics,22,44.71,983.62
909,2024-03-07,East,Toys,5,273.88,1369.4
910,2024-12-08,East,Toys,1,65.37,65.37
911,2024-01-07,West,Toys,16,370.12,5921.92
912,2024-04-16,West,Electronics,34,334.67,11378.78
913,2024-12-02,West,Food,21,83.51,1753.71
914,2024-04-12,North,Food,31,321.07,9953.17
915,2024-07-11,North,Clothing,8,121.8,974.4
916,2024-07-26,North,Clothing,18,294.42,5299.56
917,2024-12-16,South,Electronics,3,292.63,877.89
918,2024-03-16,South,Food,50,49.29,2464.5
919,2024-01-12,North,Food,49,314.44,15407.56
920,2024-06-18,South,Electronics,9,246.48,2218.32
921,2024-12-13,East,Toys,47,100.52,4724.44
922,2024-08-23,East,Clothing,17,449.84,7647.28
923,2024-04-19,West,Food,35,350.03,12251.05
924,2024-05-28,South,Food,21,367.54,7718.34
925,2024-05-27,South,Electronics,34,81.74,2779.16
926,2024-11-17,East,Food,30,5.36,160.8
927,2024-06-25,West,Clothing,2,311.77,623.54
928,2024-09-27,South,Food,47,36.35,1708.45
929,2024-09-05,West,Clothing,34,343.2,11668.8
930,2024-02-04,East,Food,27,322.25,8700.75
931,2024-01-07,North,Electronics,9,93.43,840.87
932,2024-10-21,North,Toys,13,53.88,700.44
933,2024-10-09,West,Toys,34,313.87,10671.58
934,2024-02-01,North,Food,15,304.95,4574.25
935,2024-11-02,South,Toys,6,236.69,1420.14
936,2024-01-27,East,Toys,24,398.15,9555.6
937,2024-05-03,East,Electronics,47,39.84,1872.48
938,2024-09-13,South,Electronics,7,363.96,2547.72
939,2024-10-21,South,Clothing,34,330.15,11225.1
940,2024-11-19,South,Toys,48,57.23,2747.04
941,2024-02-06,East,Toys,45,334.29,15043.05
942,2024-03-18,South,Toys,33,172.07,5678.31
943,2024-06-28,West,Food,21,277.29,5823.09
944,2024-12-11,East,Toys,49,318.45,15604.05
945,2024-12-09,South,Clothing,25,384.03,9600.75
946,2024-01-24,East,Toys,29,480.11,13923.19
947,2024-03-10,North,Food,39,13.07,509.73
948,2024-06-01,North,Food,15,111.34,1670.1
949,2024-06-05,East,Clothing,7,23.68,165.76
950,2024-04-08,South,Food,24,445.36,10688.64
951,2024-10-07,East,Food,6,287.39,1724.34
952,2024-12-23,North,Food,31,90.59,2808.29
953,2024-10-13,North,Food,3,366.74,1100.22
954,2024-07-14,North,Electronics,50,170.52,8526.0
955,2024-10-01,North,Clothing,48,328.13,15750.24
956,2024-06-18,West,Electronics,20,264.57,5291.4
957,2024-03-02,South,Food,33,350.4,11563.2
958,2024-09-03,West,Toys,49,299.59,14679.91
959,2024-03-05,South,Toys,19,394.25,7490.75
960,2024-01-18,East,Electronics,31,287.86,8923.66
961,2024-07-25,West,Food,6,202.27,1213.62
962,2024-08-13,South,Clothing,31,281.85,8737.35
963,2024-07-11,South,Clothing,16,40.46,647.36
964,2024-06-12,North,Electronics,43,209.72,9017.96
965,2024-01-25,South,Food,23,298.97,6876.31
966,2024-08-20,East,Clothing,23,310.03,7130.69
967,2024-04-07,South,Toys,3,462.49,1387.47
968,2024-02-04,East,Clothing,49,365.6,17914.4
969,2024-05-01,North,Clothing,40,463.73,18549.2
970,2024-01-11,East,Electronics,20,227.78,4555.6
971,2024-05-18,South,Clothing,14,275.48,3856.72
972,2024-01-13,West,Clothing,45,350.88,15789.6
973,2024-04-26,North,Food,11,34.75,382.25
974,2024-01-03,East,Electronics,30,329.11,9873.3
975,2024-11-12,West,Food,43,426.78,18351.54
976,2024-11-13,North,Electronics,19,434.37,8253.03
977,2024-02-11,South,Toys,33,488.42,16117.86
978,2024-08-18,West,Electronics,12,103.44,1241.28
979,2024-05-11,North,Electronics,16,461.52,7384.32
980,2024-06-22,West,Toys,48,82.72,3970.56
981,2024-09-09,East,Food,41,154.65,6340.65
982,2024-01-18,North,Food,25,445.75,11143.75
983,2024-07-22,East,Clothing,10,174.18,1741.8
984,2024-11-20,South,Electronics,47,194.19,9126.93
985,2024-07-10,South,Toys,16,288.58,4617.28
986,2024-11-05,East,Toys,35,70.23,2458.05
987,2024-09-05,South,Clothing,20,345.82,6916.4
988,2024-03-11,West,Clothing,42,466.85,19607.7
989,2024-03-24,North,Electronics,12,162.21,1946.52
990,2024-05-15,North,Food,27,480.79,12981.33
991,2024-03-06,East,Clothing,50,98.03,4901.5
992,2024-04-20,North,Food,39,285.69,11141.91
993,2024-02-23,South,Clothing,44,17.91,788.04
994,2024-08-23,West,Clothing,33,423.84,13986.72
995,2024-03-06,East,Clothing,25,248.27,6206.75
996,2024-01-09,South,Clothing,3,207.25,621.75
997,2024-04-25,West,Clothing,48,337.31,16190.88
998,2024-08-28,South,Electronics,12,463.92,5567.04
999,2024-07-13,West,Food,30,444.36,13330.8
1000,2024-10-24,North,Toys,47,159.88,7514.36
1001,2024-01-08,North,Electronics,29,231.17,6703.93
1002,2024-11-02,West,Electronics,36,196.76,7083.36
1003,2024-05-25,South,Food,29,202.03,5858.87
1004,2024-10-02,East,Toys,11,214.12,2355.32
1005,2024-12-17,South,Toys,42,228.59,9600.78
1006,2024-12-18,North,Clothing,50,294.8,14740.0
1007,2024-01-06,South,Toys,27,165.11,4457.97
1008,2024-06-23,West,Clothing,30,49.64,1489.2
1009,2024-08-21,South,Electronics,6,61.51,369.06
1010,2024-12-26,East,Electronics,34,355.1,12073.4
1011,2024-03-11,South,Toys,36,193.4,6962.4
1012,2024-12-02,South,Clothing,10,93.54,935.4
1013,2024-08-10,West,Food,20,366.43,7328.6
1014,2024-01-20,South,Electronics,9,480.41,4323.69
1015,2024-08-18,East,Electronics,30,251.33,7539.9
1016,2024-11-16,North,Toys,16,112.35,1797.6
1017,2024-10-01,West,Toys,29,44.31,1284.99
1018,2024-04-02,South,Food,40,316.17,12646.8
1019,2024-01-05,South,Clothing,4,328.37,1313.48
1020,2024-01-04,North,Food,22,460.59,10132.98
1021,2024-10-22,West,Clothing,11,337.68,3714.48
1022,2024-01-03,South,Toys,48,291.59,13996.32
1023,2024-02-25,East,Food,24,449.28,10782.72
1024,2024-02-23,West,Electronics,19,238.05,4522.95
1025,2024-04-23,East,Food,34,209.81,7133.54
1026,2024-11-17,South,Electronics,7,287.83,2014.81
1027,2024-12-10,North,Toys,47,345.88,16256.36
1028,2024-10-12,West,Food,17,265.07,4506.19
1029,2024-08-16,South,Toys,34,365.95,12442.3
1030,2024-04-01,South,Clothing,46,148.79,6844.34
1031,2024-02-24,North,Electronics,30,314.6,9438.0
1032,2024-06-18,South,Toys,27,27.52,743.04
1033,2024-05-09,South,Electronics,41,104.59,4288.19
1034,2024-06-25,North,Food,20,255.81,5116.2
1035,2024-07-24,North,Electronics,44,169.98,7479.12
1036,2024-06-22,North,Clothing,13,168.6,2191.8
1037,2024-08-05,West,Toys,3,324.6,973.8
1038,2024-07-24,West,Food,30,393.07,11792.1
1039,2024-06-18,North,Food,37,363.86,13462.82
1040,2024-06-03,North,Clothing,37,344.32,12739.84
1041,2024-07-21,South,Food,2,172.88,345.76
1042,2024-05-23,South,Toys,12,299.62,3595.44
1043,2024-08-08,East,Electronics,18,209.87,3777.66
1044,2024-05-06,East,Toys,20,111.99,2239.8
1045,2024-02-15,North,Food,3,390.01,1170.03
1046,2024-06-16,North,Toys,33,81.27,2681.91
1047,2024-02-27,East,Food,10,385.89,3858.9
1048,2024-07-23,South,Clothing,47,23.09,1085.23
1049,2024-11-28,North,Electronics,20,466.51,9330.2
1050,2024-02-17,North,Food,30,445.15,13354.5
1051,2024-11-07,East,Electronics,37,380.45,14076.65
1052,2024-09-11,East,Clothing,13,146.85,1909.05
1053,2024-05-04,West,Electronics,18,78.91,1420.38
1054,2024-09-11,North,Electronics,14,273.55,3829.7
1055,2024-10-08,East,Clothing,46,402.98,18537.08
1056,2024-06-18,South,Electronics,20,308.57,6171.4
1057,2024-11-02,West,Electronics,9,19.35,174.15
1058,2024-07-06,North,Toys,4,47.63,190.52
1059,2024-04-23,West,Food,20,169.5,3390.0
1060,2024-12-15,North,Toys,37,70.24,2598.88
1061,2024-12-25,North,Toys,20,343.82,6876.4
1062,2024-03-28,West,Toys,15,473.99,7109.85
1063,2024-11-11,East,Food,26,95.76,2489.76
1064,2024-08-04,East,Toys,32,19.98,639.36
1065,2024-05-25,East,Toys,30,423.65,12709.5
1066,2024-12-26,East,Clothing,33,55.95,1846.35
1067,2024-05-18,North,Food,36,326.48,11753.28
1068,2024-10-08,West,Toys,38,209.65,7966.7
1069,2024-04-27,South,Toys,25,37.7,942.5
1070,2024-09-23,West,Toys,37,394.73,14605.01
1071,2024-12-23,South,Clothing,43,336.45,14467.35
1072,2024-06-18,West,Electronics,38,300.06,11402.28
1073,2024-07-03,North,Toys,12,157.48,1889.76
1074,2024-11-02,North,Toys,21,249.68,5243.28
1075,2024-11-26,North,Clothing,9,444.19,3997.71
1076,2024-09-10,North,Clothing,43,78.86,3390.98
1077,2024-06-10,West,Toys,13,106.8,1388.4
1078,2024-06-03,East,Toys,46,491.38,22603.48
1079,2024-01-12,North,Toys,9,426.99,3842.91
1080,2024-06-04,North,Electronics,46,282.21,12981.66
1081,2024-10-13,East,Electronics,16,218.7,3499.2
1082,2024-09-07,East,Toys,26,193.87,5040.62
1083,2024-07-27,South,Toys,9,98.17,883.53
1084,2024-11-05,East,Toys,10,147.79,1477.9
1085,2024-03-24,South,Electronics,5,325.95,1629.75
1086,2024-11-26,West,Toys,9,46.91,422.19
1087,2024-07-20,West,Toys,45,304.19,13688.55
1088,2024-08-13,South,Toys,33,214.94,7093.02
1089,2024-01-19,East,Clothing,12,215.26,2583.12
1090,2024-07-18,West,Clothing,46,253.36,11654.56
1091,2024-12-12,East,Electronics,3,286.23,858.69
1092,2024-12-24,North,Toys,45,44.63,2008.35
1093,2024-10-03,East,Toys,34,43.73,1486.82
1094,2024-11-03,South,Toys,41,372.13,15257.33
1095,2024-01-16,East,Electronics,22,269.84,5936.48
1096,2024-07-12,West,Toys,37,368.24,13624.88
1097,2024-10-24,East,Food,11,22.49,247.39
1098,2024-10-06,East,Food,4,316.5,1266.0
1099,2024-05-16,North,Food,48,314.04,15073.92
1100,2024-05-09,North,Clothing,33,43.05,1420.65
1101,2024-01-24,South,Food,18,429.64,7733.52
1102,2024-11-15,North,Clothing,38,370.79,14090.02
1103,2024-04-16,East,Clothing,17,392.35,6669.95
1104,2024-03-20,South,Electronics,22,492.12,10826.64
1105,2024-07-08,South,Toys,49,496.82,24344.18
1106,2024-06-02,West,Clothing,14,290.99,4073.86
1107,2024-07-16,East,Electronics,4,87.96,351.84
1108,2024-09-08,East,Toys,48,474.38,22770.24
1109,2024-09-28,West,Toys,31,135.0,4185.0
1110,2024-08-13,West,Electronics,19,463.98,8815.62
1111,2024-11-12,East,Electronics,7,459.27,3214.89
1112,2024-02-09,West,Food,22,138.81,3053.82
1113,2024-04-24,West,Toys,50,339.27,16963.5
1114,2024-03-11,South,Food,44,346.69,15254.36
1115,2024-02-17,North,Electronics,5,10.92,54.6
1116,2024-05-09,North,Toys,23,113.61,2613.03
1117,2024-01-20,South,Electronics,2,311.6,623.2
1118,2024-02-28,South,Electronics,46,479.11,22039.06
1119,2024-11-19,South,Toys,43,383.11,16473.73
1120,2024-05-15,South,Electronics,45,96.21,4329.45
1121,2024-12-22,North,Toys,18,385.83,6944.94
1122,2024-05-25,East,Food,11,391.46,4306.06
1123,2024-01-09,North,Toys,25,169.66,4241.5
1124,2024-04-20,East,Clothing,29,39.35,1141.15
1125,2024-03-18,West,Clothing,42,248.57,10439.94
1126,2024-08-23,West,Clothing,40,323.45,12938.0
1127,2024-10-24,East,Electronics,3,41.1,123.3
1128,2024-03-21,East,Toys,2,448.77,897.54
1129,2024-03-23,North,Electronics,43,198.29,8526.47
1130,2024-12-25,East,Toys,37,6.83,252.71
1131,2024-12-25,West,Toys,28,204.94,5738.32
1132,2024-12-27,North,Clothing,1,195.29,195.29
1133,2024-06-11,West,Electronics,37,269.98,9989.26
1134,2024-11-03,East,Toys,4,317.97,1271.88
1135,2024-05-21,East,Food,6,421.38,2528.28
1136,2024-07-22,South,Clothing,36,24.47,880.92
1137,2024-02-21,South,Food,45,198.1,8914.5
1138,2024-08-24,East,Toys,6,443.18,2659.08
1139,2024-12-19,South,Clothing,3,100.58,301.74
1140,2024-09-21,South,Toys,25,36.18,904.5
1141,2024-08-01,East,Toys,35,482.65,16892.75
1142,2024-12-02,North,Food,4,172.17,688.68
1143,2024-11-17,West,Electronics,14,404.52,5663.28
1144,2024-02-02,West,Clothing,48,291.78,14005.44
1145,2024-10-02,South,Toys,42,14.44,606.48
1146,2024-01-10,South,Clothing,1,90.26,90.26
1147,2024-10-03,North,Toys,40,89.49,3579.6
1148,2024-10-08,North,Electronics,32,299.51,9584.32
1149,2024-12-22,North,Clothing,28,171.98,4815.44
1150,2024-10-18,West,Food,8,488.05,3904.4
1151,2024-10-06,South,Food,14,383.29,5366.06
1152,2024-07-06,East,Electronics,8,140.58,1124.64
1153,2024-10-02,East,Clothing,29,125.6,3642.4
1154,2024-03-01,South,Electronics,41,308.16,12634.56
1155,2024-02-23,West,Electronics,1,8.58,8.58
1156,2024-08-23,East,Toys,45,404.67,18210.15
1157,2024-09-15,South,Clothing,10,321.71,3217.1
1158,2024-01-20,West,Clothing,12,307.22,3686.64
1159,2024-11-27,South,Toys,40,475.4,19016.0
1160,2024-04-07,East,Food,27,7.26,196.02
1161,2024-09-17,North,Electronics,40,184.14,7365.6
1162,2024-04-09,South,Toys,50,315.1,15755.0
1163,2024-11-28,North,Clothing,8,399.32,3194.56
1164,2024-01-02,West,Toys,12,84.08,1008.96
1165,2024-06-20,East,Food,14,220.16,3082.24
1166,2024-09-06,West,Electronics,7,371.51,2600.57
1167,2024-02-08,South,Electronics,32,259.88,8316.16
1168,2024-11-11,West,Food,27,103.38,2791.26
1169,2024-04-24,South,Electronics,21,117.75,2472.75
1170,2024-02-16,West,Clothing,25,446.23,11155.75
1171,2024-10-15,West,Electronics,28,76.75,2149.0
1172,2024-12-07,South,Toys,24,72.52,1740.48
1173,2024-01-23,East,Food,13,171.27,2226.51
1174,2024-08-15,North,Food,9,60.0,540.0
1175,2024-05-20,West,Clothing,49,175.07,8578.43
1176,2024-04-03,South,Clothing,37,485.22,17953.14
1177,2024-08-09,West,Toys,14,297.83,4169.62
1178,2024-04-11,North,Toys,48,436.94,20973.12
1179,2024-10-01,West,Clothing,38,473.39,17988.82
1180,2024-12-25,West,Electronics,3,495.68,1487.04
1181,2024-12-27,North,Toys,34,200.19,6806.46
1182,2024-09-25,North,Toys,32,124.05,3969.6
1183,2024-05-08,North,Toys,14,70.69,989.66
1184,2024-03-23,North,Electronics,31,336.17,10421.27
1185,2024-03-28,West,Electronics,30,234.56,7036.8
1186,2024-12-21,West,Clothing,24,315.27,7566.48
1187,2024-06-17,North,Electronics,25,447.25,11181.25
1188,2024-12-20,North,Food,28,377.68,10575.04
1189,2024-12-02,South,Electronics,40,441.02,17640.8
1190,2024-08-20,East,Electronics,8,194.56,1556.48
1191,2024-09-23,North,Food,24,91.76,2202.24
1192,2024-04-18,North,Clothing,9,490.72,4416.48
1193,2024-10-28,North,Toys,48,469.88,22554.24
1194,2024-05-17,South,Clothing,21,179.59,3771.39
1195,2024-06-15,West,Food,4,36.37,145.48
1196,2024-11-27,West,Electronics,31,356.36,11047.16
1197,2024-11-23,East,Toys,40,187.23,7489.2
1198,2024-07-06,North,Clothing,30,48.22,1446.6
1199,2024-02-23,East,Electronics,7,86.56,605.92
1200,2024-09-21,South,Toys,10,438.12,4381.2
1201,2024-09-05,North,Food,27,484.94,13093.38
1202,2024-11-01,West,Food,27,224.71,6067.17
1203,2024-04-27,East,Clothing,5,15.91,79.55
1204,2024-11-26,East,Toys,38,174.68,6637.84
1205,2024-09-27,East,Toys,38,334.6,12714.8
1206,2024-05-06,West,Toys,20,285.79,5715.8
1207,2024-05-25,East,Clothing,31,189.09,5861.79
1208,2024-03-20,North,Clothing,23,145.77,3352.71
1209,2024-12-23,South,Food,12,486.74,5840.88
1210,2024-06-19,South,Clothing,16,62.87,1005.92
1211,2024-04-18,South,Toys,17,187.99,3195.83
1212,2024-08-18,North,Food,23,78.23,1799.29
1213,2024-07-16,South,Food,8,460.61,3684.88
1214,2024-12-18,South,Toys,21,82.25,1727.25
1215,2024-10-22,East,Food,31,448.51,13903.81
1216,2024-12-16,South,Toys,22,346.13,7614.86
1217,2024-05-01,North,Clothing,44,277.73,12220.12
1218,2024-06-02,West,Clothing,29,181.91,5275.39
1219,2024-01-03,South,Clothing,50,142.57,7128.5
1220,2024-08-11,West,Electronics,33,200.24,6607.92
1221,2024-07-12,North,Food,26,78.23,2033.98
1222,2024-06-10,West,Food,1,145.9,145.9
1223,2024-08-24,West,Electronics,14,365.29,5114.06
1224,2024-12-14,West,Toys,19,86.08,1635.52
1225,2024-03-07,West,Clothing,38,300.98,11437.24
1226,2024-02-19,East,Toys,34,493.39,16775.26
1227,2024-05-14,West,Electronics,1,207.68,207.68
1228,2024-03-07,South,Toys,46,286.12,13161.52
1229,2024-01-27,South,Toys,19,279.16,5304.04
1230,2024-08-08,East,Food,32,281.84,9018.88
1231,2024-11-27,North,Electronics,10,135.03,1350.3
1232,2024-05-14,West,Electronics,42,334.63,14054.46
1233,2024-01-04,South,Toys,45,324.17,14587.65
1234,2024-06-19,East,Toys,5,301.45,1507.25
1235,2024-08-23,West,Toys,17,315.86,5369.62
1236,2024-01-28,North,Food,33,367.81,12137.73
1237,2024-06-15,East,Clothing,38,33.96,1290.48
1238,2024-06-14,South,Food,11,31.18,342.98
1239,2024-11-03,East,Electronics,19,149.37,2838.03
1240,2024-03-18,South,Clothing,49,51.78,2537.22
1241,2024-05-22,East,Food,44,400.94,17641.36
1242,2024-03-01,East,Electronics,35,292.12,10224.2
1243,2024-07-11,South,Food,24,390.51,9372.24
1244,2024-04-27,South,Electronics,14,81.5,1141.0
1245,2024-02-04,South,Electronics,27,232.94,6289.38
1246,2024-12-12,South,Electronics,31,177.36,5498.16
1247,2024-06-06,South,Toys,39,263.94,10293.66
1248,2024-04-05,East,Electronics,48,408.21,19594.08
1249,2024-03-03,South,Clothing,20,67.05,1341.0
1250,2024-08-25,West,Electronics,5,14.31,71.55
1251,2024-11-17,West,Electronics,13,58.37,758.81
1252,2024-01-03,North,Toys,8,454.72,3637.76
1253,2024-02-20,East,Electronics,49,52.77,2585.73
1254,2024-01-03,South,Clothing,12,336.95,4043.4
1255,2024-03-28,South,Food,38,177.18,6732.84
1256,2024-01-17,South,Electronics,7,410.7,2874.9
1257,2024-09-01,South,Clothing,19,90.03,1710.57
1258,2024-08-12,North,Clothing,33,426.39,14070.87
1259,2024-03-27,South,Toys,44,479.09,21079.96
1260,2024-04-14,East,Toys,28,111.07,3109.96
1261,2024-09-05,North,Food,8,235.62,1884.96
1262,2024-12-02,West,Food,46,147.69,6793.74
1263,2024-05-15,North,Food,32,62.28,1992.96
1264,2024-05-28,East,Toys,15,279.19,4187.85
1265,2024-08-22,West,Clothing,5,447.9,2239.5
1266,2024-08-22,East,Clothing,1,499.37,499.37
1267,2024-11-03,North,Toys,29,263.72,7647.88
1268,2024-10-04,North,Clothing,26,203.31,5286.06
1269,2024-06-07,South,Electronics,24,487.73,11705.52
1270,2024-12-16,West,Electronics,15,419.86,6297.9
1271,2024-11-13,East,Food,49,395.8,19394.2
1272,2024-07-16,East,Toys,43,303.57,13053.51
1273,2024-02-09,East,Clothing,50,230.04,11502.0
1274,2024-03-01,West,Toys,15,316.04,4740.6
1275,2024-01-06,North,Electronics,5,251.58,1257.9
1276,2024-10-04,West,Food,10,154.86,1548.6
1277,2024-11-16,North,Toys,30,104.96,3148.8
1278,2024-09-18,West,Food,35,175.09,6128.15
1279,2024-02-13,North,Electronics,28,440.66,12338.48
1280,2024-01-02,West,Food,25,224.07,5601.75
1281,2024-07-05,South,Food,46,86.25,3967.5
1282,2024-10-22,East,Toys,32,383.19,12262.08
1283,2024-03-17,West,Toys,31,283.32,8782.92
1284,2024-07-20,North,Toys,17,249.87,4247.79
1285,2024-10-02,East,Food,21,35.4,743.4
1286,2024-10-01,South,Food,23,405.73,9331.79
1287,2024-06-14,East,Toys,7,216.93,1518.51
1288,2024-04-21,East,Electronics,43,125.89,5413.27
1289,2024-05-04,East,Electronics,45,37.42,1683.9
1290,2024-01-15,East,Clothing,2,271.52,543.04
1291,2024-08-19,West,Toys,18,15.1,271.8
1292,2024-06-19,North,Food,25,287.33,7183.25
1293,2024-04-11,North,Toys,7,346.98,2428.86
1294,2024-06-14,West,Food,11,309.34,3402.74
1295,2024-02-27,South,Toys,41,424.43,17401.63
1296,2024-10-13,South,Food,17,28.53,485.01
1297,2024-02-19,South,Electronics,46,422.87,19452.02
1298,2024-09-16,East,Food,5,285.38,1426.9
1299,2024-11-27,West,Clothing,23,398.85,9173.55
1300,2024-06-07,East,Food,28,333.41,9335.48
1301,2024-08-22,West,Toys,17,314.36,5344.12
1302,2024-03-19,South,Electronics,41,353.15,14479.15
1303,2024-12-15,West,Clothing,43,481.25,20693.75
1304,2024-01-17,East,Toys,37,364.67,13492.79
1305,2024-03-24,South,Food,30,78.13,2343.9
1306,2024-02-21,East,Toys,27,162.73,4393.71
1307,2024-11-06,South,Toys,18,412.74,7429.32
1308,2024-03-07,East,Clothing,26,123.05,3199.3
1309,2024-09-14,North,Clothing,20,234.76,4695.2
1310,2024-03-01,West,Electronics,13,83.88,1090.44
1311,2024-11-28,East,Food,43,277.6,11936.8
1312,2024-02-11,North,Toys,2,32.39,64.78
1313,2024-11-22,East,Electronics,27,448.9,12120.3
1314,2024-04-04,North,Toys,47,422.16,19841.52
1315,2024-04-20,North,Food,32,442.86,14171.52
1316,2024-12-13,North,Food,22,417.01,9174.22
1317,2024-03-07,South,Toys,14,76.42,1069.88
1318,2024-10-02,East,Toys,27,130.88,3533.76
1319,2024-06-18,West,Food,45,474.61,21357.45
1320,2024-05-26,West,Toys,44,126.94,5585.36
1321,2024-05-01,South,Food,31,359.26,11137.06
1322,2024-11-08,North,Electronics,45,459.14,20661.3
1323,2024-12-12,East,Toys,20,321.28,6425.6
1324,2024-07-09,North,Clothing,29,197.29,5721.41
1325,2024-04-28,East,Electronics,49,121.55,5955.95
1326,2024-11-14,South,Toys,41,162.01,6642.41
1327,2024-08-16,North,Food,6,412.48,2474.88
1328,2024-02-27,West,Food,46,214.07,9847.22
1329,2024-07-20,South,Food,33,37.85,1249.05
1330,2024-01-21,East,Toys,45,18.54,834.3
1331,2024-07-07,South,Toys,42,72.37,3039.54
1332,2024-03-08,East,Food,37,45.7,1690.9
1333,2024-12-05,South,Toys,21,228.49,4798.29
1334,2024-06-26,East,Clothing,44,298.55,13136.2
1335,2024-03-13,East,Clothing,6,210.18,1261.08
1336,2024-09-21,West,Clothing,2,474.31,948.62
1337,2024-12-28,South,Electronics,30,103.14,3094.2
1338,2024-10-09,South,Electronics,26,310.91,8083.66
1339,2024-10-04,South,Electronics,24,89.21,2141.04
1340,2024-08-27,North,Toys,50,460.39,23019.5
1341,2024-04-28,West,Electronics,15,358.21,5373.15
1342,2024-03-14,East,Food,48,249.61,11981.28
1343,2024-04-14,South,Clothing,19,364.72,6929.68
1344,2024-05-08,South,Toys,10,19.24,192.4
1345,2024-11-15,West,Clothing,24,293.54,7044.96
1346,2024-06-23,North,Electronics,31,70.94,2199.14
1347,2024-07-24,West,Clothing,46,194.83,8962.18
1348,2024-01-11,East,Electronics,7,280.71,1964.97
1349,2024-11-26,South,Toys,23,498.39,11462.97
1350,2024-07-10,North,Electronics,17,254.75,4330.75
1351,2024-09-02,West,Food,9,484.19,4357.71
1352,2024-06-15,South,Food,11,254.35,2797.85
1353,2024-07-05,South,Electronics,21,356.58,7488.18
1354,2024-03-16,East,Electronics,21,26.86,564.06
1355,2024-05-20,East,Food,28,145.05,4061.4
1356,2024-06-24,East,Food,28,446.87,12512.36
1357,2024-11-21,West,Clothing,36,427.25,15381.0
1358,2024-04-06,West,Electronics,13,78.57,1021.41
1359,2024-08-14,North,Toys,17,85.96,1461.32
1360,2024-12-18,North,Toys,3,223.55,670.65
1361,2024-12-28,West,Toys,32,60.68,1941.76
1362,2024-05-06,South,Electronics,23,51.32,1180.36
1363,2024-10-07,South,Food,37,445.99,16501.63
1364,2024-04-25,North,Clothing,27,460.6,12436.2
1365,2024-11-22,West,Electronics,22,17.85,392.7
1366,2024-02-27,North,Toys,24,297.22,7133.28
1367,2024-12-22,East,Clothing,2,45.13,90.26
1368,2024-10-22,West,Toys,41,477.82,19590.62
1369,2024-08-11,North,Food,3,329.81,989.43
1370,2024-05-11,South,Clothing,4,401.77,1607.08
1371,2024-07-03,North,Electronics,36,476.19,17142.84
1372,2024-07-03,West,Food,12,123.84,1486.08
1373,2024-07-10,North,Clothing,11,197.31,2170.41
1374,2024-07-24,South,Electronics,20,247.97,4959.4
1375,2024-06-17,East,Clothing,23,334.43,7691.89
1376,2024-08-09,South,Toys,29,443.28,12855.12
1377,2024-06-20,West,Electronics,49,214.16,10493.84
1378,2024-01-17,South,Toys,41,215.88,8851.08
1379,2024-11-23,East,Toys,44,115.99,5103.56
1380,2024-09-03,South,Toys,34,316.63,10765.42
1381,2024-08-10,East,Toys,28,44.2,1237.6
1382,2024-04-17,South,Clothing,44,451.94,19885.36
1383,2024-02-02,West,Food,37,28.63,1059.31
1384,2024-11-24,North,Toys,27,51.77,1397.79
1385,2024-09-01,East,Food,17,294.86,5012.62
1386,2024-07-02,North,Toys,12,394.16,4729.92
1387,2024-10-24,North,Toys,46,152.34,7007.64
1388,2024-06-28,West,Toys,40,404.88,16195.2
1389,2024-10-09,South,Clothing,12,43.72,524.64
1390,2024-07-04,North,Toys,35,13.87,485.45
1391,2024-12-13,North,Clothing,42,241.17,10129.14
1392,2024-10-12,West,Food,40,407.5,16300.0
1393,2024-01-07,West,Food,6,66.92,401.52
1394,2024-01-07,North,Electronics,45,485.41,21843.45
1395,2024-11-28,West,Clothing,42,124.68,5236.56
1396,2024-03-16,South,Electronics,20,386.01,7720.2
1397,2024-03-24,West,Electronics,8,87.22,697.76
1398,2024-08-19,West,Toys,31,14.72,456.32
1399,2024-07-02,South,Clothing,19,286.87,5450.53
1400,2024-12-14,East,Electronics,7,317.05,2219.35
1401,2024-12-18,West,Toys,48,291.44,13989.12
1402,2024-09-19,East,Electronics,32,202.84,6490.88
1403,2024-01-14,West,Clothing,46,35.05,1612.3
1404,2024-07-16,East,Electronics,18,446.97,8045.46
1405,2024-06-15,North,Toys,40,469.79,18791.6
1406,2024-04-16,West,Electronics,11,147.57,1623.27
1407,2024-10-22,East,Toys,15,256.28,3844.2
1408,2024-12-23,East,Toys,9,442.17,3979.53
1409,2024-06-26,West,Toys,44,327.99,14431.56
1410,2024-12-24,West,Clothing,40,107.57,4302.8
1411,2024-03-20,North,Toys,9,90.78,817.02
1412,2024-08-10,West,Electronics,27,471.81,12738.87
1413,2024-01-12,South,Clothing,36,28.29,1018.44
1414,2024-09-02,East,Food,44,83.51,3674.44
1415,2024-04-04,North,Food,28,61.41,1719.48
1416,2024-06-25,South,Toys,17,496.86,8446.62
1417,2024-09-20,North,Food,10,427.44,4274.4
1418,2024-02-04,North,Electronics,29,400.5,11614.5
1419,2024-11-04,North,Electronics,33,57.18,1886.94
1420,2024-12-15,South,Food,11,365.53,4020.83
1421,2024-06-27,West,Electronics,10,325.31,3253.1
1422,2024-07-25,South,Electronics,13,222.36,2890.68
1423,2024-09-06,North,Clothing,31,173.95,5392.45
1424,2024-07-12,North,Food,24,359.02,8616.48
1425,2024-07-26,South,Clothing,49,377.99,18521.51
1426,2024-07-15,South,Clothing,28,209.64,5869.92
1427,2024-01-23,East,Electronics,29,77.06,2234.74
1428,2024-03-14,North,Electronics,22,160.83,3538.26
1429,2024-11-05,North,Toys,49,23.36,1144.64
1430,2024-11-23,North,Food,27,203.99,5507.73
1431,2024-05-17,East,Food,23,8.91,204.93
1432,2024-09-20,South,Toys,29,323.72,9387.88
1433,2024-04-10,West,Food,42,205.23,8619.66
1434,2024-12-24,North,Electronics,35,170.57,5969.95
1435,2024-09-10,South,Food,14,50.95,713.3
1436,2024-09-19,East,Clothing,2,18.81,37.62
1437,2024-07-17,East,Clothing,50,155.45,7772.5
1438,2024-09-12,North,Electronics,24,133.58,3205.92
1439,2024-02-15,North,Electronics,49,327.23,16034.27
1440,2024-04-26,East,Electronics,30,172.8,5184.0
1441,2024-12-19,South,Food,20,145.85,2917.0
1442,2024-02-11,South,Toys,34,370.07,12582.38
1443,2024-12-14,South,Food,30,53.5,1605.0
1444,2024-03-16,West,Electronics,6,35.79,214.74
1445,2024-09-13,South,Toys,5,187.8,939.0
1446,2024-07-15,West,Food,38,251.92,9572.96
1447,2024-03-16,West,Toys,11,76.45,840.95
1448,2024-09-04,West,Clothing,46,259.03,11915.38
1449,2024-03-18,South,Toys,31,21.14,655.34
1450,2024-02-04,East,Electronics,39,426.9,16649.1
1451,2024-02-12,East,Food,3,263.77,791.31
1452,2024-01-26,East,Food,20,150.52,3010.4
1453,2024-05-10,South,Clothing,38,213.77,8123.26
1454,2024-02-18,South,Clothing,48,246.95,11853.6
1455,2024-10-10,East,Electronics,3,211.7,635.1
1456,2024-12-27,West,Food,25,240.24,6006.0
1457,2024-08-22,South,Clothing,33,320.05,10561.65
1458,2024-10-22,West,Clothing,47,165.98,7801.06
1459,2024-06-18,West,Toys,15,450.62,6759.3
1460,2024-02-28,North,Toys,48,142.3,6830.4
1461,2024-12-10,South,Electronics,37,316.9,11725.3
1462,2024-09-19,North,Electronics,13,477.81,6211.53
1463,2024-01-04,North,Clothing,49,240.54,11786.46
1464,2024-04-27,South,Electronics,18,394.44,7099.92
1465,2024-07-19,West,Electronics,35,305.39,10688.65
1466,2024-03-14,North,Toys,2,173.28,346.56
1467,2024-02-04,North,Food,25,132.3,3307.5
1468,2024-02-05,South,Food,10,95.42,954.2
1469,2024-10-11,East,Toys,44,88.75,3905.0
1470,2024-07-04,South,Electronics,46,33.96,1562.16
1471,2024-05-13,East,Clothing,27,447.04,12070.08
1472,2024-10-19,North,Electronics,13,123.61,1606.93
1473,2024-07-04,South,Toys,33,377.43,12455.19
1474,2024-07-03,East,Electronics,21,235.09,4936.89
1475,2024-01-09,West,Electronics,27,318.6,8602.2
1476,2024-03-10,North,Clothing,49,279.58,13699.42
1477,2024-09-07,West,Toys,6,423.91,2543.46
1478,2024-04-18,South,Food,35,492.73,17245.55
1479,2024-08-27,West,Toys,3,5.5,16.5
1480,2024-08-09,East,Clothing,1,34.79,34.79
1481,2024-04-19,East,Toys,23,422.01,9706.23
1482,2024-10-03,East,Electronics,11,370.9,4079.9
1483,2024-03-24,East,Electronics,26,350.72,9118.72
1484,2024-06-22,East,Toys,14,307.17,4300.38
1485,2024-05-08,East,Food,49,355.34,17411.66
1486,2024-10-11,East,Food,14,232.6,3256.4
1487,2024-10-16,North,Clothing,42,461.52,19383.84
1488,2024-09-23,North,Electronics,44,90.9,3999.6
1489,2024-11-21,West,Toys,35,45.17,1580.95
1490,2024-02-12,North,Electronics,43,225.36,9690.48
1491,2024-12-01,West,Food,25,92.71,2317.75
1492,2024-08-01,North,Toys,24,468.44,11242.56
1493,2024-12-12,South,Electronics,49,144.16,7063.84
1494,2024-12-08,South,Electronics,40,314.49,12579.6
1495,2024-08-23,South,Toys,24,23.21,557.04
1496,2024-11-13,South,Electronics,13,492.21,6398.73
1497,2024-03-18,North,Food,37,252.66,9348.42
1498,2024-12-03,South,Clothing,5,296.14,1480.7
1499,2024-09-24,South,Food,37,428.46,15853.02
1500,2024-12-22,East,Clothing,44,16.44,723.36
1501,2024-11-22,East,Toys,1,469.26,469.26
1502,2024-07-09,North,Food,28,422.95,11842.6
1503,2024-01-24,North,Toys,32,183.93,5885.76
1504,2024-09-15,South,Electronics,18,459.6,8272.8
1505,2024-02-19,East,Electronics,26,101.33,2634.58
1506,2024-02-08,North,Clothing,45,214.79,9665.55
1507,2024-11-21,South,Clothing,22,158.85,3494.7
1508,2024-01-19,North,Electronics,31,218.81,6783.11
1509,2024-04-11,East,Food,16,58.38,934.08
1510,2024-02-25,North,Food,34,398.09,13535.06
1511,2024-02-03,West,Electronics,41,226.0,9266.0
1512,2024-12-03,North,Electronics,25,160.07,4001.75
1513,2024-10-21,South,Electronics,29,32.12,931.48
1514,2024-09-02,West,Electronics,7,340.39,2382.73
1515,2024-07-08,East,Toys,26,52.44,1363.44
1516,2024-07-20,North,Toys,25,234.78,5869.5
1517,2024-01-15,North,Food,42,469.1,19702.2
1518,2024-10-23,East,Clothing,7,55.83,390.81
1519,2024-09-09,North,Clothing,37,67.36,2492.32
1520,2024-08-06,East,Toys,31,363.69,11274.39
1521,2024-05-19,South,Clothing,3,34.94,104.82
1522,2024-09-25,West,Food,20,293.91,5878.2
1523,2024-06-10,South,Clothing,31,157.79,4891.49
1524,2024-11-05,East,Electronics,34,295.29,10039.86
1525,2024-09-28,North,Clothing,33,410.5,13546.5
1526,2024-04-21,North,Toys,23,101.73,2339.79
1527,2024-08-23,South,Electronics,22,98.73,2172.06
1528,2024-06-20,West,Food,38,285.22,10838.36
1529,2024-08-26,East,Toys,22,85.33,1877.26
1530,2024-11-08,North,Toys,15,460.38,6905.7
1531,2024-08-24,South,Toys,40,110.5,4420.0
1532,2024-01-12,East,Toys,14,203.15,2844.1
1533,2024-02-05,North,Electronics,23,19.86,456.78
1534,2024-06-02,East,Toys,13,317.51,4127.63
1535,2024-04-09,North,Clothing,13,145.63,1893.19
1536,2024-04-01,South,Food,36,126.75,4563.0
1537,2024-11-05,South,Food,7,15.39,107.73
1538,2024-05-15,West,Electronics,22,468.38,10304.36
1539,2024-09-26,South,Food,24,332.15,7971.6
1540,2024-03-26,West,Electronics,8,76.49,611.92
1541,2024-06-11,South,Clothing,35,192.21,6727.35
1542,2024-10-07,West,Clothing,3,382.73,1148.19
1543,2024-11-26,East,Clothing,21,127.35,2674.35
1544,2024-08-07,East,Clothing,33,484.35,15983.55
1545,2024-03-17,North,Toys,43,309.37,13302.91
1546,2024-03-11,West,Food,32,261.85,8379.2
1547,2024-08-09,East,Toys,46,478.1,21992.6
1548,2024-04-15,West,Electronics,14,113.67,1591.38
1549,2024-07-19,South,Toys,14,156.47,2190.58
1550,2024-03-25,South,Food,17,277.52,4717.84
1551,2024-04-19,North,Food,29,261.82,7592.78
1552,2024-07-15,North,Toys,33,312.46,10311.18
1553,2024-08-11,West,Toys,27,186.92,5046.84
1554,2024-04-09,East,Toys,2,93.89,187.78
1555,2024-09-17,North,Food,6,150.79,904.74
1556,2024-02-12,North,Food,15,53.71,805.65
1557,2024-06-09,North,Clothing,22,102.34,2251.48
1558,2024-03-28,East,Food,13,354.29,4605.77
1559,2024-06-26,East,Electronics,50,153.24,7662.0
1560,2024-01-16,West,Toys,38,380.11,14444.18
1561,2024-12-07,South,Toys,15,117.33,1759.95
1562,2024-09-25,West,Clothing,34,295.57,10049.38
1563,2024-06-28,West,Toys,22,397.0,8734.0
1564,2024-07-07,South,Toys,50,471.26,23563.0
1565,2024-03-19,West,Toys,36,19.9,716.4
1566,2024-11-27,South,Food,48,9.79,469.92
1567,2024-11-25,East,Food,15,212.48,3187.2
1568,2024-10-26,West,Food,21,295.54,6206.34
1569,2024-06-19,North,Clothing,10,488.74,4887.4
1570,2024-02-18,West,Toys,14,474.6,6644.4
1571,2024-10-15,West,Clothing,31,58.78,1822.18
1572,2024-09-06,East,Electronics,11,56.64,623.04
1573,2024-02-13,North,Toys,2,97.41,194.82
1574,2024-09-03,East,Clothing,15,149.1,2236.5
1575,2024-03-11,West,Electronics,24,261.67,6280.08
1576,2024-03-18,West,Toys,11,494.85,5443.35
1577,2024-04-05,West,Toys,48,39.04,1873.92
1578,2024-11-16,South,Food,28,409.86,11476.08
1579,2024-12-22,South,Food,38,105.47,4007.86
1580,2024-03-15,West,Food,13,8.68,112.84
1581,2024-09-11,North,Toys,39,404.75,15785.25
1582,2024-12-03,West,Toys,30,290.19,8705.7
1583,2024-12-26,East,Toys,23,351.66,8088.18
1584,2024-03-14,East,Toys,40,412.6,16504.0
1585,2024-08-13,South,Clothing,40,367.96,14718.4
1586,2024-01-08,South,Electronics,26,350.83,9121.58
1587,2024-11-03,South,Food,41,271.18,11118.38
1588,2024-09-04,South,Toys,27,496.23,13398.21
1589,2024-06-14,East,Electronics,49,57.09,2797.41
1590,2024-01-15,West,Clothing,17,107.65,1830.05
1591,2024-12-15,North,Electronics,41,348.77,14299.57
1592,2024-04-13,West,Food,48,202.67,9728.16
1593,2024-03-11,North,Electronics,17,61.77,1050.09
1594,2024-09-22,West,Toys,30,38.78,1163.4
1595,2024-05-27,South,Toys,9,238.04,2142.36
1596,2024-03-10,South,Clothing,2,305.46,610.92
1597,2024-01-22,North,Toys,11,43.4,477.4
1598,2024-04-23,East,Clothing,29,182.25,5285.25
1599,2024-11-26,North,Clothing,29,349.89,10146.81
1600,2024-01-20,North,Toys,45,157.62,7092.9
1601,2024-04-08,North,Electronics,50,191.81,9590.5
1602,2024-07-01,East,Clothing,13,50.24,653.12
1603,2024-02-08,North,Food,13,341.58,4440.54
1604,2024-07-17,North,Clothing,47,87.69,4121.43
1605,2024-04-20,North,Food,21,283.22,5947.62
1606,2024-04-04,South,Toys,28,64.8,1814.4
1607,2024-11-11,East,Food,12,12.42,149.04
1608,2024-02-22,North,Toys,14,232.09,3249.26
1609,2024-04-14,East,Food,3,38.33,114.99
1610,2024-10-06,East,Toys,7,357.7,2503.9
1611,2024-11-23,East,Electronics,39,165.56,6456.84
1612,2024-12-11,West,Clothing,22,91.79,2019.38
1613,2024-10-15,West,Electronics,22,13.74,302.28
1614,2024-01-08,West,Clothing,33,295.8,9761.4
1615,2024-07-25,North,Electronics,20,122.02,2440.4
1616,2024-08-10,South,Electronics,4,73.09,292.36
1617,2024-01-08,South,Clothing,25,106.17,2654.25
1618,2024-11-26,West,Food,9,142.67,1284.03
1619,2024-01-08,North,Toys,42,407.29,17106.18
1620,2024-01-22,East,Food,16,106.88,1710.08
1621,2024-09-11,South,Clothing,39,436.99,17042.61
1622,2024-08-03,South,Toys,41,7.99,327.59
1623,2024-04-05,South,Electronics,41,496.05,20338.05
1624,2024-04-08,North,Clothing,38,276.68,10513.84
1625,2024-03-24,North,Toys,47,236.2,11101.4
1626,2024-04-10,South,Clothing,28,92.34,2585.52
1627,2024-08-03,East,Toys,41,104.69,4292.29
1628,2024-08-14,East,Toys,25,88.04,2201.0
1629,2024-07-14,West,Clothing,31,14.81,459.11
1630,2024-09-24,North,Food,39,270.91,10565.49
1631,2024-08-10,South,Food,25,234.51,5862.75
1632,2024-12-16,West,Toys,5,169.95,849.75
1633,2024-09-24,South,Clothing,13,7.07,91.91
1634,2024-07-24,East,Toys,26,463.22,12043.72
1635,2024-10-03,East,Toys,32,157.37,5035.84
1636,2024-10-06,West,Electronics,8,195.49,1563.92
1637,2024-12-12,South,Toys,17,386.78,6575.26
1638,2024-07-14,West,Food,45,33.56,1510.2
1639,2024-06-21,South,Clothing,31,22.08,684.48
1640,2024-11-05,North,Clothing,17,304.69,5179.73
1641,2024-11-27,East,Clothing,39,291.28,11359.92
1642,2024-11-23,South,Electronics,8,386.63,3093.04
1643,2024-02-17,West,Toys,46,295.15,13576.9
1644,2024-05-23,South,Toys,11,415.73,4573.03
1645,2024-07-25,East,Toys,38,157.45,5983.1
1646,2024-06-27,North,Electronics,41,288.44,11826.04
1647,2024-12-13,South,Food,48,108.72,5218.56
1648,2024-01-04,East,Electronics,11,409.11,4500.21
1649,2024-05-24,North,Toys,34,211.34,7185.56
1650,2024-12-05,West,Clothing,12,190.45,2285.4
1651,2024-02-15,South,Toys,12,253.79,3045.48
1652,2024-03-26,South,Clothing,13,34.2,444.6
1653,2024-10-04,South,Food,27,223.16,6025.32
1654,2024-02-09,South,Electronics,19,47.42,900.98
1655,2024-08-16,North,Food,2,294.89,589.78
1656,2024-01-22,North,Electronics,4,136.71,546.84
1657,2024-01-13,North,Electronics,14,263.56,3689.84
1658,2024-10-14,East,Toys,31,379.67,11769.77
1659,2024-06-27,East,Food,44,445.63,19607.72
1660,2024-10-02,South,Food,43,202.24,8696.32
1661,2024-12-13,East,Food,7,6.53,45.71
1662,2024-09-09,South,Electronics,39,65.83,2567.37
1663,2024-11-28,South,Food,29,311.08,9021.32
1664,2024-11-27,West,Toys,43,98.03,4215.29
1665,2024-01-26,East,Electronics,41,183.3,7515.3
1666,2024-07-24,East,Toys,15,305.35,4580.25
1667,2024-08-22,North,Food,28,469.85,13155.8
1668,2024-12-05,North,Toys,19,305.55,5805.45
1669,2024-05-27,North,Clothing,32,399.43,12781.76
1670,2024-08-22,West,Clothing,29,477.75,13854.75
1671,2024-11-23,South,Clothing,14,89.36,1251.04
1672,2024-01-06,North,Electronics,28,496.71,13907.88
1673,2024-12-09,East,Toys,50,143.78,7189.0
1674,2024-09-21,West,Electronics,43,72.2,3104.6
1675,2024-04-19,West,Electronics,45,169.74,7638.3
1676,2024-12-24,North,Food,25,455.53,11388.25
1677,2024-02-10,West,Toys,15,115.66,1734.9
1678,2024-10-07,North,Electronics,6,173.42,1040.52
1679,2024-07-19,North,Food,9,427.4,3846.6
1680,2024-04-28,North,Food,4,297.08,1188.32
1681,2024-11-26,West,Toys,21,386.78,8122.38
1682,2024-09-28,South,Clothing,7,200.68,1404.76
1683,2024-05-27,West,Food,10,408.99,4089.9
1684,2024-10-10,South,Toys,44,230.61,10146.84
1685,2024-09-23,South,Electronics,39,163.47,6375.33
1686,2024-11-27,North,Food,46,289.12,13299.52
1687,2024-07-02,South,Toys,19,353.55,6717.45
1688,2024-12-26,East,Clothing,46,109.25,5025.5
1689,2024-08-24,South,Electronics,50,93.62,4681.0
1690,2024-03-01,West,Food,43,456.63,19635.09
1691,2024-06-25,West,Food,28,340.56,9535.68
1692,2024-05-10,West,Toys,5,266.28,1331.4
1693,2024-10-28,South,Toys,7,69.8,488.6
1694,2024-10-05,North,Food,30,329.04,9871.2
1695,2024-04-07,West,Toys,19,449.12,8533.28
1696,2024-10-04,South,Electronics,24,364.35,8744.4
1697,2024-03-02,South,Toys,28,341.33,9557.24
1698,2024-01-04,North,Food,31,93.92,2911.52
1699,2024-07-08,East,Toys,10,315.35,3153.5
1700,2024-05-23,North,Electronics,16,201.34,3221.44
1701,2024-11-22,South,Toys,50,347.44,17372.0
1702,2024-11-21,North,Toys,42,194.14,8153.88
1703,2024-02-04,West,Food,1,64.4,64.4
1704,2024-10-16,West,Clothing,2,295.49,590.98
1705,2024-08-21,East,Electronics,38,94.64,3596.32
1706,2024-06-03,West,Food,37,66.99,2478.63
1707,2024-09-27,South,Toys,45,14.77,664.65
1708,2024-09-23,West,Electronics,34,419.39,14259.26
1709,2024-03-28,North,Clothing,43,449.31,19320.33
1710,2024-06-04,South,Electronics,36,226.38,8149.68
1711,2024-03-03,North,Clothing,37,107.08,3961.96
1712,2024-09-10,East,Electronics,6,490.06,2940.36
1713,2024-11-01,East,Clothing,28,488.67,13682.76
1714,2024-09-26,South,Food,3,473.38,1420.14
1715,2024-12-11,East,Toys,9,290.65,2615.85
1716,2024-01-08,East,Clothing,45,54.01,2430.45
1717,2024-04-05,North,Clothing,10,153.36,1533.6
1718,2024-10-14,South,Food,18,68.6,1234.8
1719,2024-03-13,North,Food,17,193.98,3297.66
1720,2024-12-05,West,Electronics,17,339.88,5777.96
1721,2024-11-23,South,Electronics,41,367.67,15074.47
1722,2024-09-20,South,Food,37,330.37,12223.69
1723,2024-07-13,South,Toys,10,161.6,1616.0
1724,2024-09-04,North,Clothing,5,138.71,693.55
1725,2024-06-11,West,Electronics,22,321.89,7081.58
1726,2024-02-13,East,Clothing,15,140.46,2106.9
1727,2024-02-06,South,Toys,7,392.45,2747.15
1728,2024-12-19,East,Toys,7,266.84,1867.88
1729,2024-01-06,East,Food,39,54.04,2107.56
1730,2024-12-22,East,Toys,12,175.86,2110.32
1731,2024-01-22,West,Toys,38,68.15,2589.7
1732,2024-12-09,South,Clothing,10,192.51,1925.1
1733,2024-11-20,North,Food,46,389.88,17934.48
1734,2024-06-26,West,Toys,12,222.29,2667.48
1735,2024-09-23,West,Food,18,476.55,8577.9
1736,2024-05-14,South,Food,41,429.67,17616.47
1737,2024-12-08,East,Electronics,41,44.34,1817.94
1738,2024-12-10,North,Clothing,37,33.42,1236.54
1739,2024-12-05,West,Electronics,28,340.13,9523.64
1740,2024-11-18,West,Toys,33,344.14,11356.62
1741,2024-12-01,North,Toys,1,310.06,310.06
1742,2024-11-27,West,Food,16,497.14,7954.24
1743,2024-09-08,North,Toys,11,338.89,3727.79
1744,2024-09-12,South,Electronics,24,420.51,10092.24
1745,2024-06-04,North,Toys,32,192.65,6164.8
1746,2024-02-10,East,Clothing,35,426.13,14914.55
1747,2024-01-24,East,Toys,19,136.05,2584.95
1748,2024-11-17,West,Clothing,20,464.91,9298.2
1749,2024-01-12,North,Toys,40,424.93,16997.2
1750,2024-02-01,North,Toys,22,152.68,3358.96
1751,2024-02-14,East,Clothing,26,180.49,4692.74
1752,2024-03-14,West,Clothing,6,266.9,1601.4
1753,2024-11-09,North,Toys,1,82.04,82.04
1754,2024-06-14,South,Toys,26,190.28,4947.28
1755,2024-11-27,South,Food,7,494.74,3463.18
1756,2024-07-01,West,Clothing,9,180.1,1620.9
1757,2024-01-05,East,Clothing,8,98.84,790.72
1758,2024-01-06,West,Toys,48,168.95,8109.6
1759,2024-02-14,South,Toys,43,491.55,21136.65
1760,2024-06-25,West,Toys,44,358.59,15777.96
1761,2024-02-26,West,Toys,9,59.32,533.88
1762,2024-01-25,North,Clothing,10,175.34,1753.4
1763,2024-07-20,South,Electronics,44,415.77,18293.88
1764,2024-08-03,North,Toys,31,148.29,4596.99
1765,2024-09-06,West,Clothing,40,80.49,3219.6
1766,2024-05-23,South,Food,50,61.93,3096.5
1767,2024-02-23,South,Toys,13,239.58,3114.54
1768,2024-03-08,South,Clothing,38,316.31,12019.78
1769,2024-04-05,North,Clothing,26,23.99,623.74
1770,2024-01-13,West,Electronics,40,103.82,4152.8
1771,2024-04-08,West,Food,45,318.49,14332.05
1772,2024-07-21,East,Toys,31,35.37,1096.47
1773,2024-05-12,North,Food,8,138.28,1106.24
1774,2024-03-02,West,Clothing,21,448.08,9409.68
1775,2024-04-10,North,Electronics,43,373.65,16066.95
1776,2024-03-09,West,Food,39,54.88,2140.32
1777,2024-02-22,West,Food,22,155.66,3424.52
1778,2024-06-24,North,Clothing,22,183.48,4036.56
1779,2024-10-13,East,Clothing,42,141.59,5946.78
1780,2024-10-04,North,Electronics,9,316.63,2849.67
1781,2024-02-03,North,Clothing,13,353.81,4599.53
1782,2024-04-18,East,Food,47,239.73,11267.31
1783,2024-09-23,South,Electronics,9,99.89,899.01
1784,2024-12-04,East,Food,24,227.0,5448.0
1785,2024-09-26,West,Electronics,31,212.41,6584.71
1786,2024-03-10,North,Clothing,39,140.7,5487.3
1787,2024-07-16,North,Electronics,45,99.14,4461.3
1788,2024-07-18,North,Clothing,29,376.61,10921.69
1789,2024-03-01,West,Toys,39,139.39,5436.21
1790,2024-09-15,South,Clothing,38,349.88,13295.44
1791,2024-05-18,East,Food,15,151.7,2275.5
1792,2024-04-10,North,Clothing,15,27.58,413.7
1793,2024-05-28,North,Clothing,18,463.99,8351.82
1794,2024-01-21,North,Clothing,14,269.62,3774.68
1795,2024-12-18,East,Food,21,46.21,970.41
1796,2024-05-11,East,Clothing,27,449.68,12141.36
1797,2024-05-06,North,Electronics,23,113.54,2611.42
1798,2024-10-04,East,Electronics,35,330.37,11562.95
1799,2024-09-07,West,Food,41,318.98,13078.18
1800,2024-10-21,West,Clothing,21,138.05,2899.05
1801,2024-12-14,West,Clothing,29,119.7,3471.3
1802,2024-03-15,East,Clothing,31,51.38,1592.78
1803,2024-12-06,South,Clothing,13,286.98,3730.74
1804,2024-03-27,East,Electronics,20,85.64,1712.8
1805,2024-07-08,West,Clothing,5,76.04,380.2
1806,2024-03-24,West,Toys,7,363.53,2544.71
1807,2024-02-27,North,Electronics,25,195.08,4877.0
1808,2024-02-09,North,Electronics,9,127.93,1151.37
1809,2024-02-18,South,Electronics,1,479.02,479.02
1810,2024-10-15,East,Electronics,13,73.92,960.96
1811,2024-04-02,South,Food,22,242.06,5325.32
1812,2024-02-18,East,Electronics,2,413.34,826.68
1813,2024-07-05,East,Electronics,33,443.8,14645.4
1814,2024-07-05,North,Clothing,2,117.2,234.4
1815,2024-11-13,East,Food,15,461.24,6918.6
1816,2024-04-04,North,Toys,11,495.43,5449.73
1817,2024-02-12,East,Food,5,309.77,1548.85
1818,2024-07-17,North,Electronics,39,79.8,3112.2
1819,2024-11-22,East,Clothing,44,215.5,9482.0
1820,2024-05-16,East,Food,23,438.32,10081.36
1821,2024-01-28,East,Food,46,400.35,18416.1
1822,2024-08-24,South,Clothing,21,78.15,1641.15
1823,2024-12-09,West,Electronics,8,291.03,2328.24
1824,2024-03-25,South,Electronics,21,497.41,10445.61
1825,2024-08-23,West,Food,21,249.63,5242.23
1826,2024-11-08,West,Food,9,402.06,3618.54
1827,2024-09-16,West,Toys,36,251.07,9038.52
1828,2024-07-17,South,Toys,6,292.58,1755.48
1829,2024-04-28,South,Electronics,16,184.05,2944.8
1830,2024-03-04,North,Food,36,239.59,8625.24
1831,2024-03-10,North,Food,24,425.13,10203.12
1832,2024-07-08,West,Clothing,36,486.05,17497.8
1833,2024-02-23,South,Clothing,4,374.76,1499.04
1834,2024-07-12,South,Toys,47,18.04,847.88
1835,2024-08-27,North,Electronics,43,292.9,12594.7
1836,2024-02-08,South,Electronics,10,185.8,1858.0
1837,2024-07-05,North,Electronics,37,416.38,15406.06
1838,2024-09-23,South,Toys,48,74.36,3569.28
1839,2024-08-26,East,Toys,27,362.67,9792.09
1840,2024-11-02,North,Food,8,82.16,657.28
1841,2024-07-22,South,Clothing,1,201.21,201.21
1842,2024-12-08,West,Food,37,253.43,9376.91
1843,2024-09-13,West,Clothing,18,486.7,8760.6
1844,2024-04-13,South,Clothing,26,311.43,8097.18
1845,2024-06-21,South,Electronics,45,236.88,10659.6
1846,2024-06-21,West,Toys,11,32.06,352.66
1847,2024-02-12,West,Clothing,18,58.66,1055.88
1848,2024-09-04,East,Electronics,16,144.69,2315.04
1849,2024-05-07,North,Clothing,39,10.43,406.77
1850,2024-10-19,South,Electronics,16,138.24,2211.84
1851,2024-02-10,North,Toys,3,28.78,86.34
1852,2024-07-17,North,Food,49,144.79,7094.71
1853,2024-06-05,South,Food,49,198.37,9720.13
1854,2024-09-04,North,Food,27,448.77,12116.79
1855,2024-08-19,South,Electronics,38,399.05,15163.9
1856,2024-08-03,North,Food,11,80.01,880.11
1857,2024-11-05,North,Clothing,14,404.7,5665.8
1858,2024-06-10,South,Food,29,393.75,11418.75
1859,2024-11-13,East,Toys,3,445.89,1337.67
1860,2024-03-19,South,Clothing,40,305.4,12216.0
1861,2024-05-18,West,Electronics,1,75.6,75.6
1862,2024-03-10,North,Toys,7,230.13,1610.91
1863,2024-06-03,South,Electronics,18,290.37,5226.66
1864,2024-05-16,North,Clothing,46,387.11,17807.06
1865,2024-02-19,East,Toys,42,462.46,19423.32
1866,2024-07-14,West,Electronics,24,430.21,10325.04
1867,2024-10-11,South,Toys,24,258.68,6208.32
1868,2024-08-09,East,Electronics,44,209.53,9219.32
1869,2024-12-27,North,Electronics,48,396.34,19024.32
1870,2024-03-19,North,Clothing,7,148.88,1042.16
1871,2024-08-22,West,Electronics,15,197.17,2957.55
1872,2024-09-27,North,Food,30,236.9,7107.0
1873,2024-02-13,West,Electronics,6,94.24,565.44
1874,2024-06-11,West,Clothing,26,167.72,4360.72
1875,2024-02-09,West,Clothing,45,371.94,16737.3
1876,2024-08-05,West,Electronics,35,82.09,2873.15
1877,2024-10-25,South,Food,37,20.51,758.87
1878,2024-08-07,West,Electronics,24,395.83,9499.92
1879,2024-11-14,North,Clothing,2,476.56,953.12
1880,2024-03-03,East,Food,41,92.17,3778.97
1881,2024-12-15,East,Toys,6,152.68,916.08
1882,2024-03-27,West,Clothing,43,447.07,19224.01
1883,2024-05-06,North,Electronics,28,174.3,4880.4
1884,2024-09-23,South,Food,27,243.4,6571.8
1885,2024-10-13,South,Toys,23,456.74,10505.02
1886,2024-10-20,North,Clothing,5,362.75,1813.75
1887,2024-12-24,South,Food,43,493.25,21209.75
1888,2024-03-16,East,Electronics,10,448.77,4487.7
1889,2024-09-24,East,Electronics,44,206.16,9071.04
1890,2024-11-19,North,Toys,9,318.98,2870.82
1891,2024-04-14,North,Electronics,14,374.13,5237.82
1892,2024-04-22,South,Toys,14,177.3,2482.2
1893,2024-05-17,North,Food,24,13.01,312.24
1894,2024-07-14,North,Toys,42,499.53,20980.26
1895,2024-06-04,East,Food,35,215.8,7553.0
1896,2024-09-20,South,Toys,28,189.7,5311.6
1897,2024-11-23,South,Toys,25,146.09,3652.25
1898,2024-02-03,West,Food,45,312.09,14044.05
1899,2024-07-04,North,Electronics,42,13.13,551.46
1900,2024-10-26,West,Electronics,41,224.83,9218.03
1901,2024-08-18,North,Food,27,109.88,2966.76
1902,2024-02-12,West,Electronics,13,428.89,5575.57
1903,2024-12-13,West,Toys,42,353.4,14842.8
1904,2024-05-22,North,Food,15,256.24,3843.6
1905,2024-01-14,East,Food,27,338.28,9133.56
1906,2024-06-27,North,Electronics,2,80.92,161.84
1907,2024-07-08,East,Food,11,479.78,5277.58
1908,2024-01-26,West,Clothing,40,324.0,12960.0
1909,2024-12-06,West,Clothing,41,198.25,8128.25
1910,2024-04-04,West,Food,34,83.43,2836.62
1911,2024-07-27,South,Electronics,41,290.58,11913.78
1912,2024-02-01,East,Clothing,21,105.86,2223.06
1913,2024-03-01,West,Electronics,41,386.17,15832.97
1914,2024-03-15,North,Toys,2,372.46,744.92
1915,2024-04-10,East,Clothing,16,328.0,5248.0
1916,2024-07-25,South,Clothing,47,391.11,18382.17
1917,2024-03-21,East,Electronics,18,46.07,829.26
1918,2024-10-04,North,Electronics,8,232.27,1858.16
1919,2024-03-03,North,Clothing,19,134.69,2559.11
1920,2024-04-13,North,Toys,24,456.8,10963.2
1921,2024-08-21,North,Toys,2,209.8,419.6
1922,2024-06-21,North,Clothing,44,212.85,9365.4
1923,2024-03-22,West,Clothing,12,152.88,1834.56
1924,2024-08-20,North,Electronics,22,496.9,10931.8
1925,2024-02-07,North,Clothing,34,372.14,12652.76
1926,2024-03-07,North,Electronics,34,258.31,8782.54
1927,2024-03-08,East,Electronics,14,19.6,274.4
1928,2024-04-03,North,Clothing,18,140.46,2528.28
1929,2024-08-14,East,Food,30,373.87,11216.1
1930,2024-11-28,West,Clothing,17,90.61,1540.37
1931,2024-10-10,East,Toys,7,293.91,2057.37
1932,2024-08-14,South,Clothing,47,246.48,11584.56
1933,2024-07-14,East,Food,40,58.24,2329.6
1934,2024-02-15,South,Food,24,449.46,10787.04
1935,2024-07-10,South,Electronics,33,130.27,4298.91
1936,2024-06-14,East,Toys,2,61.75,123.5
1937,2024-11-12,South,Food,16,40.96,655.36
1938,2024-01-11,East,Clothing,50,160.65,8032.5
1939,2024-06-08,North,Food,14,235.36,3295.04
1940,2024-09-07,North,Toys,19,302.89,5754.91
1941,2024-11-03,North,Food,46,305.91,14071.86
1942,2024-04-07,West,Toys,21,407.63,8560.23
1943,2024-05-14,North,Toys,32,28.16,901.12
1944,2024-06-19,North,Electronics,29,89.71,2601.59
1945,2024-01-21,West,Clothing,37,15.53,574.61
1946,2024-07-02,North,Toys,19,69.87,1327.53
1947,2024-08-04,North,Food,42,13.05,548.1
1948,2024-06-13,West,Food,18,162.01,2916.18
1949,2024-07-10,North,Food,32,308.1,9859.2
1950,2024-02-27,West,Toys,42,483.74,20317.08
1951,2024-01-05,East,Electronics,2,115.89,231.78
1952,2024-04-06,North,Food,45,363.51,16357.95
1953,2024-06-27,North,Clothing,47,451.63,21226.61
1954,2024-01-04,North,Electronics,17,442.24,7518.08
1955,2024-12-20,North,Food,5,135.54,677.7
1956,2024-03-19,West,Food,45,89.32,4019.4
1957,2024-03-25,West,Electronics,9,163.07,1467.63
1958,2024-09-08,West,Toys,43,65.57,2819.51
1959,2024-12-16,West,Toys,18,164.35,2958.3
1960,2024-12-03,South,Electronics,17,384.27,6532.59
1961,2024-04-23,East,Clothing,43,325.33,13989.19
1962,2024-01-22,North,Electronics,32,34.83,1114.56
1963,2024-02-11,South,Toys,25,98.02,2450.5
1964,2024-12-15,South,Food,49,472.47,23151.03
1965,2024-06-13,South,Electronics,9,113.3,1019.7
1966,2024-02-09,West,Clothing,50,203.1,10155.0
1967,2024-10-21,West,Clothing,44,157.04,6909.76
1968,2024-12-04,North,Clothing,30,438.72,13161.6
1969,2024-01-16,South,Electronics,30,97.58,2927.4
1970,2024-09-03,West,Food,17,63.57,1080.69
1971,2024-09-14,East,Toys,14,79.56,1113.84
1972,2024-02-02,East,Electronics,29,139.93,4057.97
1973,2024-07-06,West,Toys,13,150.53,1956.89
1974,2024-11-02,East,Toys,34,219.61,7466.74
1975,2024-01-19,South,Electronics,15,62.02,930.3
1976,2024-05-08,East,Clothing,5,268.41,1342.05
1977,2024-12-27,West,Toys,26,55.15,1433.9
1978,2024-04-12,East,Toys,14,89.66,1255.24
1979,2024-03-17,East,Food,47,6.54,307.38
1980,2024-06-22,West,Food,45,123.12,5540.4
1981,2024-08-05,North,Clothing,12,169.42,2033.04
1982,2024-03-09,North,Toys,28,170.36,4770.08
1983,2024-01-20,North,Clothing,44,381.33,16778.52
1984,2024-04-16,East,Toys,38,5.5,209.0
1985,2024-05-27,North,Electronics,2,285.8,571.6
1986,2024-02-04,South,Clothing,49,77.56,3800.44
1987,2024-06-18,East,Food,29,247.88,7188.52
1988,2024-01-27,East,Toys,17,185.32,3150.44
1989,2024-09-25,East,Food,46,170.2,7829.2
1990,2024-12-21,West,Electronics,18,344.46,6200.28
1991,2024-11-05,North,Clothing,27,428.85,11578.95
1992,2024-12-23,East,Toys,2,125.96,251.92
1993,2024-04-13,West,Food,14,373.46,5228.44
1994,2024-08-17,North,Food,41,341.01,13981.41
1995,2024-06-13,South,Food,44,177.68,7817.92
1996,2024-10-17,West,Food,20,99.33,1986.6
1997,2024-10-26,East,Electronics,28,398.69,11163.32
1998,2024-08-22,East,Food,8,484.89,3879.12
1999,2024-05-20,South,Toys,44,79.36,3491.84
2000,2024-05-01,South,Food,32,147.69,4726.08
